section,file_path,file_format,data_format,frames_with_I3Photons,frames_with_nonempty_I3Photons,unique_string_id_count,total_photon_count,avg_photons_per_nonempty_frame,status,error
full_geometry/Electron,/project/6008051/pone_simulation/MC000009-nu_e-2_6-LeptonInjector_PROPOSAL_clsim-v17.1/Generator/33996141/gen_008.i3.zst,i3.zst,I3Photons,200,200,1378,98397023,491985.115,ok,
full_geometry/Electron,/project/6008051/pone_simulation/MC000009-nu_e-2_6-LeptonInjector_PROPOSAL_clsim-v17.1/Generator/33996141/gen_010.i3.zst,i3.zst,I3Photons,198,198,1378,93378125,471606.6919191919,ok,
full_geometry/Electron,/project/6008051/pone_simulation/MC000009-nu_e-2_6-LeptonInjector_PROPOSAL_clsim-v17.1/Generator/34052919/gen_008.i3.zst,i3.zst,I3Photons,199,199,1378,47459874,238491.82914572864,ok,
full_geometry/Electron,/project/6008051/pone_simulation/MC000009-nu_e-2_6-LeptonInjector_PROPOSAL_clsim-v17.1/Generator/34094642/gen_001.i3.zst,i3.zst,I3Photons,200,200,1378,99432998,497164.99,ok,
full_geometry/Electron,/project/6008051/pone_simulation/MC000009-nu_e-2_6-LeptonInjector_PROPOSAL_clsim-v17.1/Generator/34094642/gen_003.i3.zst,i3.zst,I3Photons,198,198,1378,117546916,593671.2929292929,ok,
full_geometry/Electron,/project/6008051/pone_simulation/MC000009-nu_e-2_6-LeptonInjector_PROPOSAL_clsim-v17.1/Generator/34094642/gen_008.i3.zst,i3.zst,I3Photons,200,200,1378,72451690,362258.45,ok,
full_geometry/Electron,/project/6008051/pone_simulation/MC000009-nu_e-2_6-LeptonInjector_PROPOSAL_clsim-v17.1/Generator/34217559/gen_001.i3.zst,i3.zst,I3Photons,200,200,1378,105339747,526698.735,ok,
full_geometry/Electron,/project/6008051/pone_simulation/MC000009-nu_e-2_6-LeptonInjector_PROPOSAL_clsim-v17.1/Generator/34217559/gen_010.i3.zst,i3.zst,I3Photons,200,200,1377,53442830,267214.15,ok,
full_geometry/Electron,/project/6008051/pone_simulation/MC000009-nu_e-2_6-LeptonInjector_PROPOSAL_clsim-v17.1/Generator/34225816/gen_005.i3.zst,i3.zst,I3Photons,200,200,1378,92499534,462497.67,ok,
full_geometry/Electron,/project/6008051/pone_simulation/MC000009-nu_e-2_6-LeptonInjector_PROPOSAL_clsim-v17.1/Generator/34233761/gen_005.i3.zst,i3.zst,I3Photons,200,200,1378,106083445,530417.225,ok,
full_geometry/Electron,/project/6008051/pone_simulation/MC000009-nu_e-2_6-LeptonInjector_PROPOSAL_clsim-v17.1/Generator/34233761/gen_006.i3.zst,i3.zst,I3Photons,200,200,1378,77938421,389692.105,ok,
full_geometry/Electron,/project/6008051/pone_simulation/MC000009-nu_e-2_6-LeptonInjector_PROPOSAL_clsim-v17.1/Generator/34240101/gen_001.i3.zst,i3.zst,I3Photons,200,200,1378,117108035,585540.175,ok,
full_geometry/Electron,/project/6008051/pone_simulation/MC000009-nu_e-2_6-LeptonInjector_PROPOSAL_clsim-v17.1/Generator/34240101/gen_006.i3.zst,i3.zst,I3Photons,200,200,1378,49285437,246427.185,ok,
full_geometry/Electron,/project/6008051/pone_simulation/MC000009-nu_e-2_6-LeptonInjector_PROPOSAL_clsim-v17.1/Generator/34250277/gen_007.i3.zst,i3.zst,I3Photons,199,199,1378,76750640,385681.608040201,ok,
full_geometry/Electron,/project/6008051/pone_simulation/MC000009-nu_e-2_6-LeptonInjector_PROPOSAL_clsim-v17.1/Generator/34254077/gen_003.i3.zst,i3.zst,I3Photons,200,200,1378,93022445,465112.225,ok,
full_geometry/Electron,/project/6008051/pone_simulation/MC000009-nu_e-2_6-LeptonInjector_PROPOSAL_clsim-v17.1/Generator/34254077/gen_004.i3.zst,i3.zst,I3Photons,200,200,1378,56918839,284594.195,ok,
full_geometry/Electron,/project/6008051/pone_simulation/MC000009-nu_e-2_6-LeptonInjector_PROPOSAL_clsim-v17.1/Generator/34254077/gen_006.i3.zst,i3.zst,I3Photons,200,200,1378,35907961,179539.805,ok,
full_geometry/Electron,/project/6008051/pone_simulation/MC000009-nu_e-2_6-LeptonInjector_PROPOSAL_clsim-v17.1/Generator/34266348/gen_001.i3.zst,i3.zst,I3Photons,199,199,1378,71147477,357525.01005025127,ok,
full_geometry/Electron,/project/6008051/pone_simulation/MC000009-nu_e-2_6-LeptonInjector_PROPOSAL_clsim-v17.1/Generator/34266348/gen_002.i3.zst,i3.zst,I3Photons,199,199,1378,81797330,411041.8592964824,ok,
full_geometry/Electron,/project/6008051/pone_simulation/MC000009-nu_e-2_6-LeptonInjector_PROPOSAL_clsim-v17.1/Generator/34266348/gen_006.i3.zst,i3.zst,I3Photons,200,200,1378,101014184,505070.92,ok,
full_geometry/Electron,/project/6008051/pone_simulation/MC000009-nu_e-2_6-LeptonInjector_PROPOSAL_clsim-v17.1/Generator/34266348/gen_008.i3.zst,i3.zst,I3Photons,200,200,1378,109303184,546515.92,ok,
full_geometry/Muon,/project/6008051/pone_simulation/MC000008-nu_mu-2_6-LeptonInjector_PROPOSAL_clsim-v17.1/Generator/33939527/gen_001.i3.zst,i3.zst,I3Photons,99,99,1367,38264934,386514.48484848486,ok,
full_geometry/Muon,/project/6008051/pone_simulation/MC000008-nu_mu-2_6-LeptonInjector_PROPOSAL_clsim-v17.1/Generator/33939527/gen_002.i3.zst,i3.zst,I3Photons,93,93,1373,21174922,227687.33333333334,ok,
full_geometry/Muon,/project/6008051/pone_simulation/MC000008-nu_mu-2_6-LeptonInjector_PROPOSAL_clsim-v17.1/Generator/33939527/gen_003.i3.zst,i3.zst,I3Photons,86,86,1374,12728729,148008.47674418605,ok,
full_geometry/Muon,/project/6008051/pone_simulation/MC000008-nu_mu-2_6-LeptonInjector_PROPOSAL_clsim-v17.1/Generator/33939527/gen_004.i3.zst,i3.zst,I3Photons,76,76,1349,13411127,176462.19736842104,ok,
full_geometry/Muon,/project/6008051/pone_simulation/MC000008-nu_mu-2_6-LeptonInjector_PROPOSAL_clsim-v17.1/Generator/33939527/gen_005.i3.zst,i3.zst,I3Photons,91,91,1365,6450508,70884.7032967033,ok,
full_geometry/Muon,/project/6008051/pone_simulation/MC000008-nu_mu-2_6-LeptonInjector_PROPOSAL_clsim-v17.1/Generator/33939527/gen_006.i3.zst,i3.zst,I3Photons,82,82,1344,2523572,30775.268292682926,ok,
full_geometry/Muon,/project/6008051/pone_simulation/MC000008-nu_mu-2_6-LeptonInjector_PROPOSAL_clsim-v17.1/Generator/33939527/gen_008.i3.zst,i3.zst,I3Photons,90,90,1378,36937578,410417.5333333333,ok,
full_geometry/Muon,/project/6008051/pone_simulation/MC000008-nu_mu-2_6-LeptonInjector_PROPOSAL_clsim-v17.1/Generator/33939527/gen_009.i3.zst,i3.zst,I3Photons,85,85,1320,6536103,76895.3294117647,ok,
full_geometry/Muon,/project/6008051/pone_simulation/MC000008-nu_mu-2_6-LeptonInjector_PROPOSAL_clsim-v17.1/Generator/33939527/gen_010.i3.zst,i3.zst,I3Photons,89,89,1371,15950509,179219.20224719102,ok,
full_geometry/Muon,/project/6008051/pone_simulation/MC000008-nu_mu-2_6-LeptonInjector_PROPOSAL_clsim-v17.1/Generator/33945032/gen_001.i3.zst,i3.zst,I3Photons,81,81,1342,4571881,56442.97530864197,ok,
full_geometry/Muon,/project/6008051/pone_simulation/MC000008-nu_mu-2_6-LeptonInjector_PROPOSAL_clsim-v17.1/Generator/33945032/gen_002.i3.zst,i3.zst,I3Photons,76,76,1311,14328601,188534.22368421053,ok,
full_geometry/Muon,/project/6008051/pone_simulation/MC000008-nu_mu-2_6-LeptonInjector_PROPOSAL_clsim-v17.1/Generator/33945032/gen_004.i3.zst,i3.zst,I3Photons,85,85,1378,16746591,197018.71764705883,ok,
full_geometry/Muon,/project/6008051/pone_simulation/MC000008-nu_mu-2_6-LeptonInjector_PROPOSAL_clsim-v17.1/Generator/33945032/gen_005.i3.zst,i3.zst,I3Photons,74,74,1368,5028191,67948.52702702703,ok,
full_geometry/Muon,/project/6008051/pone_simulation/MC000008-nu_mu-2_6-LeptonInjector_PROPOSAL_clsim-v17.1/Generator/33945032/gen_006.i3.zst,i3.zst,I3Photons,94,94,1374,16821452,178951.6170212766,ok,
full_geometry/Muon,/project/6008051/pone_simulation/MC000008-nu_mu-2_6-LeptonInjector_PROPOSAL_clsim-v17.1/Generator/33945032/gen_007.i3.zst,i3.zst,I3Photons,91,91,1377,11188652,122952.21978021978,ok,
full_geometry/Muon,/project/6008051/pone_simulation/MC000008-nu_mu-2_6-LeptonInjector_PROPOSAL_clsim-v17.1/Generator/33945032/gen_008.i3.zst,i3.zst,I3Photons,86,86,1344,5158837,59986.476744186046,ok,
full_geometry/Muon,/project/6008051/pone_simulation/MC000008-nu_mu-2_6-LeptonInjector_PROPOSAL_clsim-v17.1/Generator/33945032/gen_009.i3.zst,i3.zst,I3Photons,87,87,1370,14615424,167993.37931034484,ok,
full_geometry/Muon,/project/6008051/pone_simulation/MC000008-nu_mu-2_6-LeptonInjector_PROPOSAL_clsim-v17.1/Generator/33945032/gen_010.i3.zst,i3.zst,I3Photons,80,80,1363,7517056,93963.2,ok,
full_geometry/Muon,/project/6008051/pone_simulation/MC000008-nu_mu-2_6-LeptonInjector_PROPOSAL_clsim-v17.1/Generator/33947860/gen_001.i3.zst,i3.zst,I3Photons,95,95,1376,18192984,191505.09473684212,ok,
full_geometry/Muon,/project/6008051/pone_simulation/MC000008-nu_mu-2_6-LeptonInjector_PROPOSAL_clsim-v17.1/Generator/33947860/gen_002.i3.zst,i3.zst,I3Photons,68,68,1373,30334897,446101.42647058825,ok,
full_geometry/Muon,/project/6008051/pone_simulation/MC000008-nu_mu-2_6-LeptonInjector_PROPOSAL_clsim-v17.1/Generator/33947860/gen_003.i3.zst,i3.zst,I3Photons,92,92,1368,8064795,87660.81521739131,ok,
full_geometry/Muon,/project/6008051/pone_simulation/MC000008-nu_mu-2_6-LeptonInjector_PROPOSAL_clsim-v17.1/Generator/33947860/gen_006.i3.zst,i3.zst,I3Photons,84,84,1325,7658312,91170.38095238095,ok,
full_geometry/Muon,/project/6008051/pone_simulation/MC000008-nu_mu-2_6-LeptonInjector_PROPOSAL_clsim-v17.1/Generator/33947860/gen_007.i3.zst,i3.zst,I3Photons,82,82,1363,11759010,143402.56097560975,ok,
full_geometry/Muon,/project/6008051/pone_simulation/MC000008-nu_mu-2_6-LeptonInjector_PROPOSAL_clsim-v17.1/Generator/33947860/gen_008.i3.zst,i3.zst,I3Photons,77,77,1350,15310556,198838.3896103896,ok,
full_geometry/Muon,/project/6008051/pone_simulation/MC000008-nu_mu-2_6-LeptonInjector_PROPOSAL_clsim-v17.1/Generator/33947860/gen_009.i3.zst,i3.zst,I3Photons,93,93,1374,14027360,150831.82795698923,ok,
full_geometry/Muon,/project/6008051/pone_simulation/MC000008-nu_mu-2_6-LeptonInjector_PROPOSAL_clsim-v17.1/Generator/33947860/gen_010.i3.zst,i3.zst,I3Photons,81,81,1360,24280069,299753.93827160494,ok,
full_geometry/Muon,/project/6008051/pone_simulation/MC000008-nu_mu-2_6-LeptonInjector_PROPOSAL_clsim-v17.1/Generator/33954438/gen_001.i3.zst,i3.zst,I3Photons,93,93,1367,5772740,62072.47311827957,ok,
full_geometry/Muon,/project/6008051/pone_simulation/MC000008-nu_mu-2_6-LeptonInjector_PROPOSAL_clsim-v17.1/Generator/33954438/gen_002.i3.zst,i3.zst,I3Photons,91,91,1376,10361462,113862.21978021978,ok,
full_geometry/Muon,/project/6008051/pone_simulation/MC000008-nu_mu-2_6-LeptonInjector_PROPOSAL_clsim-v17.1/Generator/33954438/gen_003.i3.zst,i3.zst,I3Photons,81,81,1374,19476337,240448.6049382716,ok,
full_geometry/Muon,/project/6008051/pone_simulation/MC000008-nu_mu-2_6-LeptonInjector_PROPOSAL_clsim-v17.1/Generator/33954438/gen_004.i3.zst,i3.zst,I3Photons,91,91,1371,10316959,113373.17582417582,ok,
full_geometry/Muon,/project/6008051/pone_simulation/MC000008-nu_mu-2_6-LeptonInjector_PROPOSAL_clsim-v17.1/Generator/33954438/gen_005.i3.zst,i3.zst,I3Photons,94,94,1341,5524219,58768.28723404255,ok,
full_geometry/Muon,/project/6008051/pone_simulation/MC000008-nu_mu-2_6-LeptonInjector_PROPOSAL_clsim-v17.1/Generator/33954438/gen_007.i3.zst,i3.zst,I3Photons,85,85,1342,25515991,300188.12941176473,ok,
full_geometry/Muon,/project/6008051/pone_simulation/MC000008-nu_mu-2_6-LeptonInjector_PROPOSAL_clsim-v17.1/Generator/33954438/gen_008.i3.zst,i3.zst,I3Photons,88,88,1363,11733855,133339.26136363635,ok,
full_geometry/Muon,/project/6008051/pone_simulation/MC000008-nu_mu-2_6-LeptonInjector_PROPOSAL_clsim-v17.1/Generator/33954438/gen_009.i3.zst,i3.zst,I3Photons,86,86,1373,23045270,267968.25581395347,ok,
full_geometry/Muon,/project/6008051/pone_simulation/MC000008-nu_mu-2_6-LeptonInjector_PROPOSAL_clsim-v17.1/Generator/33954438/gen_010.i3.zst,i3.zst,I3Photons,79,79,1300,3100783,39250.417721518985,ok,
full_geometry/Muon,/project/6008051/pone_simulation/MC000008-nu_mu-2_6-LeptonInjector_PROPOSAL_clsim-v17.1/Generator/33963272/gen_001.i3.zst,i3.zst,I3Photons,78,78,1367,25397606,325610.3333333333,ok,
full_geometry/Muon,/project/6008051/pone_simulation/MC000008-nu_mu-2_6-LeptonInjector_PROPOSAL_clsim-v17.1/Generator/33963272/gen_002.i3.zst,i3.zst,I3Photons,91,91,1328,12041574,132324.989010989,ok,
full_geometry/Muon,/project/6008051/pone_simulation/MC000008-nu_mu-2_6-LeptonInjector_PROPOSAL_clsim-v17.1/Generator/33963272/gen_003.i3.zst,i3.zst,I3Photons,86,86,1365,3677369,42760.104651162794,ok,
full_geometry/Muon,/project/6008051/pone_simulation/MC000008-nu_mu-2_6-LeptonInjector_PROPOSAL_clsim-v17.1/Generator/33963272/gen_004.i3.zst,i3.zst,I3Photons,88,88,1363,9765554,110972.20454545454,ok,
full_geometry/Muon,/project/6008051/pone_simulation/MC000008-nu_mu-2_6-LeptonInjector_PROPOSAL_clsim-v17.1/Generator/33963272/gen_005.i3.zst,i3.zst,I3Photons,87,87,1375,7318975,84126.14942528735,ok,
full_geometry/Muon,/project/6008051/pone_simulation/MC000008-nu_mu-2_6-LeptonInjector_PROPOSAL_clsim-v17.1/Generator/33963272/gen_006.i3.zst,i3.zst,I3Photons,80,80,1363,25517770,318972.125,ok,
full_geometry/Muon,/project/6008051/pone_simulation/MC000008-nu_mu-2_6-LeptonInjector_PROPOSAL_clsim-v17.1/Generator/33963272/gen_007.i3.zst,i3.zst,I3Photons,81,81,1345,18904265,233385.98765432098,ok,
full_geometry/Muon,/project/6008051/pone_simulation/MC000008-nu_mu-2_6-LeptonInjector_PROPOSAL_clsim-v17.1/Generator/33963272/gen_008.i3.zst,i3.zst,I3Photons,90,90,1375,11060595,122895.5,ok,
full_geometry/Muon,/project/6008051/pone_simulation/MC000008-nu_mu-2_6-LeptonInjector_PROPOSAL_clsim-v17.1/Generator/33963272/gen_009.i3.zst,i3.zst,I3Photons,80,80,1378,9946596,124332.45,ok,
full_geometry/Muon,/project/6008051/pone_simulation/MC000008-nu_mu-2_6-LeptonInjector_PROPOSAL_clsim-v17.1/Generator/33974439/gen_001.i3.zst,i3.zst,I3Photons,80,80,1315,9192937,114911.7125,ok,
full_geometry/Muon,/project/6008051/pone_simulation/MC000008-nu_mu-2_6-LeptonInjector_PROPOSAL_clsim-v17.1/Generator/33974439/gen_002.i3.zst,i3.zst,I3Photons,96,96,1345,7273027,75760.69791666667,ok,
full_geometry/Muon,/project/6008051/pone_simulation/MC000008-nu_mu-2_6-LeptonInjector_PROPOSAL_clsim-v17.1/Generator/33974439/gen_003.i3.zst,i3.zst,I3Photons,70,70,1364,10364978,148071.11428571428,ok,
full_geometry/Muon,/project/6008051/pone_simulation/MC000008-nu_mu-2_6-LeptonInjector_PROPOSAL_clsim-v17.1/Generator/33974439/gen_004.i3.zst,i3.zst,I3Photons,79,79,1368,38983526,493462.35443037975,ok,
full_geometry/Muon,/project/6008051/pone_simulation/MC000008-nu_mu-2_6-LeptonInjector_PROPOSAL_clsim-v17.1/Generator/33974439/gen_005.i3.zst,i3.zst,I3Photons,80,80,1342,5699639,71245.4875,ok,
full_geometry/Muon,/project/6008051/pone_simulation/MC000008-nu_mu-2_6-LeptonInjector_PROPOSAL_clsim-v17.1/Generator/33974439/gen_007.i3.zst,i3.zst,I3Photons,87,87,1351,8243068,94747.908045977,ok,
full_geometry/Muon,/project/6008051/pone_simulation/MC000008-nu_mu-2_6-LeptonInjector_PROPOSAL_clsim-v17.1/Generator/33974439/gen_008.i3.zst,i3.zst,I3Photons,91,91,1375,5571360,61223.73626373626,ok,
full_geometry/Muon,/project/6008051/pone_simulation/MC000008-nu_mu-2_6-LeptonInjector_PROPOSAL_clsim-v17.1/Generator/33974439/gen_009.i3.zst,i3.zst,I3Photons,87,87,1378,8296153,95358.08045977012,ok,
full_geometry/Muon,/project/6008051/pone_simulation/MC000008-nu_mu-2_6-LeptonInjector_PROPOSAL_clsim-v17.1/Generator/33974439/gen_010.i3.zst,i3.zst,I3Photons,87,87,1370,17003917,195447.32183908045,ok,
full_geometry/Muon,/project/6008051/pone_simulation/MC000008-nu_mu-2_6-LeptonInjector_PROPOSAL_clsim-v17.1/Generator/33993059/gen_001.i3.zst,i3.zst,I3Photons,86,86,1295,31342285,364445.17441860464,ok,
full_geometry/Muon,/project/6008051/pone_simulation/MC000008-nu_mu-2_6-LeptonInjector_PROPOSAL_clsim-v17.1/Generator/33993059/gen_002.i3.zst,i3.zst,I3Photons,88,88,1346,19830361,225345.01136363635,ok,
full_geometry/Muon,/project/6008051/pone_simulation/MC000008-nu_mu-2_6-LeptonInjector_PROPOSAL_clsim-v17.1/Generator/33993059/gen_003.i3.zst,i3.zst,I3Photons,87,87,1334,15207803,174802.33333333334,ok,
full_geometry/Muon,/project/6008051/pone_simulation/MC000008-nu_mu-2_6-LeptonInjector_PROPOSAL_clsim-v17.1/Generator/33993059/gen_004.i3.zst,i3.zst,I3Photons,91,91,1374,8847869,97229.32967032967,ok,
full_geometry/Muon,/project/6008051/pone_simulation/MC000008-nu_mu-2_6-LeptonInjector_PROPOSAL_clsim-v17.1/Generator/33993059/gen_005.i3.zst,i3.zst,I3Photons,81,81,1274,5634002,69555.58024691358,ok,
full_geometry/Muon,/project/6008051/pone_simulation/MC000008-nu_mu-2_6-LeptonInjector_PROPOSAL_clsim-v17.1/Generator/33993059/gen_006.i3.zst,i3.zst,I3Photons,91,91,1368,8858843,97349.92307692308,ok,
full_geometry/Muon,/project/6008051/pone_simulation/MC000008-nu_mu-2_6-LeptonInjector_PROPOSAL_clsim-v17.1/Generator/33993059/gen_007.i3.zst,i3.zst,I3Photons,94,94,1375,16371684,174166.8510638298,ok,
full_geometry/Muon,/project/6008051/pone_simulation/MC000008-nu_mu-2_6-LeptonInjector_PROPOSAL_clsim-v17.1/Generator/33993059/gen_008.i3.zst,i3.zst,I3Photons,75,75,1371,21138567,281847.56,ok,
full_geometry/Muon,/project/6008051/pone_simulation/MC000008-nu_mu-2_6-LeptonInjector_PROPOSAL_clsim-v17.1/Generator/33993059/gen_009.i3.zst,i3.zst,I3Photons,96,96,1368,8964524,93380.45833333333,ok,
full_geometry/Muon,/project/6008051/pone_simulation/MC000008-nu_mu-2_6-LeptonInjector_PROPOSAL_clsim-v17.1/Generator/33993059/gen_010.i3.zst,i3.zst,I3Photons,89,89,1348,4324577,48590.752808988764,ok,
full_geometry/Muon,/project/6008051/pone_simulation/MC000008-nu_mu-2_6-LeptonInjector_PROPOSAL_clsim-v17.1/Generator/34019182/gen_001.i3.zst,i3.zst,I3Photons,80,80,1354,20064614,250807.675,ok,
full_geometry/Muon,/project/6008051/pone_simulation/MC000008-nu_mu-2_6-LeptonInjector_PROPOSAL_clsim-v17.1/Generator/34019182/gen_003.i3.zst,i3.zst,I3Photons,93,93,1375,9225264,99196.3870967742,ok,
full_geometry/Muon,/project/6008051/pone_simulation/MC000008-nu_mu-2_6-LeptonInjector_PROPOSAL_clsim-v17.1/Generator/34019182/gen_004.i3.zst,i3.zst,I3Photons,74,74,1288,3197734,43212.62162162162,ok,
full_geometry/Muon,/project/6008051/pone_simulation/MC000008-nu_mu-2_6-LeptonInjector_PROPOSAL_clsim-v17.1/Generator/34019182/gen_005.i3.zst,i3.zst,I3Photons,89,89,1364,17471683,196311.04494382022,ok,
full_geometry/Muon,/project/6008051/pone_simulation/MC000008-nu_mu-2_6-LeptonInjector_PROPOSAL_clsim-v17.1/Generator/34019182/gen_007.i3.zst,i3.zst,I3Photons,69,69,1286,11935493,172978.15942028986,ok,
full_geometry/Muon,/project/6008051/pone_simulation/MC000008-nu_mu-2_6-LeptonInjector_PROPOSAL_clsim-v17.1/Generator/34019182/gen_008.i3.zst,i3.zst,I3Photons,78,78,1366,9554470,122493.20512820513,ok,
full_geometry/Muon,/project/6008051/pone_simulation/MC000008-nu_mu-2_6-LeptonInjector_PROPOSAL_clsim-v17.1/Generator/34019182/gen_009.i3.zst,i3.zst,I3Photons,84,84,1365,7079278,84277.11904761905,ok,
full_geometry/Muon,/project/6008051/pone_simulation/MC000008-nu_mu-2_6-LeptonInjector_PROPOSAL_clsim-v17.1/Generator/34019182/gen_010.i3.zst,i3.zst,I3Photons,72,72,1375,5494254,76309.08333333333,ok,
full_geometry/Muon,/project/6008051/pone_simulation/MC000008-nu_mu-2_6-LeptonInjector_PROPOSAL_clsim-v17.1/Generator/34049184/gen_001.i3.zst,i3.zst,I3Photons,99,99,1378,4320298,43639.37373737374,ok,
full_geometry/Muon,/project/6008051/pone_simulation/MC000008-nu_mu-2_6-LeptonInjector_PROPOSAL_clsim-v17.1/Generator/34049184/gen_002.i3.zst,i3.zst,I3Photons,83,83,1376,9696764,116828.48192771085,ok,
full_geometry/Muon,/project/6008051/pone_simulation/MC000008-nu_mu-2_6-LeptonInjector_PROPOSAL_clsim-v17.1/Generator/34049184/gen_004.i3.zst,i3.zst,I3Photons,72,72,1366,25395167,352710.65277777775,ok,
full_geometry/Muon,/project/6008051/pone_simulation/MC000008-nu_mu-2_6-LeptonInjector_PROPOSAL_clsim-v17.1/Generator/34049184/gen_005.i3.zst,i3.zst,I3Photons,72,72,1294,8179537,113604.68055555556,ok,
full_geometry/Muon,/project/6008051/pone_simulation/MC000008-nu_mu-2_6-LeptonInjector_PROPOSAL_clsim-v17.1/Generator/34049184/gen_006.i3.zst,i3.zst,I3Photons,76,76,1374,7883731,103733.30263157895,ok,
full_geometry/Muon,/project/6008051/pone_simulation/MC000008-nu_mu-2_6-LeptonInjector_PROPOSAL_clsim-v17.1/Generator/34049184/gen_007.i3.zst,i3.zst,I3Photons,87,87,1303,12874876,147987.0804597701,ok,
full_geometry/Muon,/project/6008051/pone_simulation/MC000008-nu_mu-2_6-LeptonInjector_PROPOSAL_clsim-v17.1/Generator/34049184/gen_008.i3.zst,i3.zst,I3Photons,78,78,1359,4938649,63316.01282051282,ok,
full_geometry/Muon,/project/6008051/pone_simulation/MC000008-nu_mu-2_6-LeptonInjector_PROPOSAL_clsim-v17.1/Generator/34049184/gen_009.i3.zst,i3.zst,I3Photons,89,89,1368,5463022,61382.269662921346,ok,
full_geometry/Muon,/project/6008051/pone_simulation/MC000008-nu_mu-2_6-LeptonInjector_PROPOSAL_clsim-v17.1/Generator/34049184/gen_010.i3.zst,i3.zst,I3Photons,80,80,1378,41329671,516620.8875,ok,
full_geometry/Muon,/project/6008051/pone_simulation/MC000008-nu_mu-2_6-LeptonInjector_PROPOSAL_clsim-v17.1/Generator/34088096/gen_001.i3.zst,i3.zst,I3Photons,71,71,1311,3364159,47382.52112676056,ok,
full_geometry/Muon,/project/6008051/pone_simulation/MC000008-nu_mu-2_6-LeptonInjector_PROPOSAL_clsim-v17.1/Generator/34088096/gen_002.i3.zst,i3.zst,I3Photons,87,87,1345,8525020,97988.7356321839,ok,
full_geometry/Muon,/project/6008051/pone_simulation/MC000008-nu_mu-2_6-LeptonInjector_PROPOSAL_clsim-v17.1/Generator/34088096/gen_003.i3.zst,i3.zst,I3Photons,92,92,1373,11347101,123338.05434782608,ok,
full_geometry/Muon,/project/6008051/pone_simulation/MC000008-nu_mu-2_6-LeptonInjector_PROPOSAL_clsim-v17.1/Generator/34088096/gen_005.i3.zst,i3.zst,I3Photons,83,83,1323,10284574,123910.53012048193,ok,
full_geometry/Muon,/project/6008051/pone_simulation/MC000008-nu_mu-2_6-LeptonInjector_PROPOSAL_clsim-v17.1/Generator/34088096/gen_006.i3.zst,i3.zst,I3Photons,84,84,1372,12661289,150729.63095238095,ok,
full_geometry/Muon,/project/6008051/pone_simulation/MC000008-nu_mu-2_6-LeptonInjector_PROPOSAL_clsim-v17.1/Generator/34088096/gen_007.i3.zst,i3.zst,I3Photons,88,88,1375,11537918,131112.70454545456,ok,
full_geometry/Muon,/project/6008051/pone_simulation/MC000008-nu_mu-2_6-LeptonInjector_PROPOSAL_clsim-v17.1/Generator/34088096/gen_008.i3.zst,i3.zst,I3Photons,84,84,1367,10318977,122844.96428571429,ok,
full_geometry/Muon,/project/6008051/pone_simulation/MC000008-nu_mu-2_6-LeptonInjector_PROPOSAL_clsim-v17.1/Generator/34088096/gen_010.i3.zst,i3.zst,I3Photons,79,79,1340,4011160,50774.17721518988,ok,
full_geometry/NC,/project/6008051/pone_simulation/MC000011-nu_NC-2_6-LeptonInjector_PROPOSAL_clsim_NC-v17.1/Generator/33996259/gen_001.i3.zst,i3.zst,I3Photons,199,199,1378,52302870,262828.4924623116,ok,
full_geometry/NC,/project/6008051/pone_simulation/MC000011-nu_NC-2_6-LeptonInjector_PROPOSAL_clsim_NC-v17.1/Generator/33996259/gen_002.i3.zst,i3.zst,I3Photons,199,199,1378,59403519,298510.1457286432,ok,
full_geometry/NC,/project/6008051/pone_simulation/MC000011-nu_NC-2_6-LeptonInjector_PROPOSAL_clsim_NC-v17.1/Generator/33996259/gen_004.i3.zst,i3.zst,I3Photons,200,200,1374,46695888,233479.44,ok,
full_geometry/NC,/project/6008051/pone_simulation/MC000011-nu_NC-2_6-LeptonInjector_PROPOSAL_clsim_NC-v17.1/Generator/33996259/gen_006.i3.zst,i3.zst,I3Photons,198,198,1376,39193784,197948.40404040404,ok,
full_geometry/NC,/project/6008051/pone_simulation/MC000011-nu_NC-2_6-LeptonInjector_PROPOSAL_clsim_NC-v17.1/Generator/34036014/gen_002.i3.zst,i3.zst,I3Photons,199,199,1378,34636453,174052.52763819095,ok,
full_geometry/NC,/project/6008051/pone_simulation/MC000011-nu_NC-2_6-LeptonInjector_PROPOSAL_clsim_NC-v17.1/Generator/34036014/gen_004.i3.zst,i3.zst,I3Photons,197,197,1372,61421469,311784.1065989848,ok,
full_geometry/NC,/project/6008051/pone_simulation/MC000011-nu_NC-2_6-LeptonInjector_PROPOSAL_clsim_NC-v17.1/Generator/34036014/gen_005.i3.zst,i3.zst,I3Photons,194,194,1376,9488173,48908.10824742268,ok,
full_geometry/NC,/project/6008051/pone_simulation/MC000011-nu_NC-2_6-LeptonInjector_PROPOSAL_clsim_NC-v17.1/Generator/34088294/gen_001.i3.zst,i3.zst,I3Photons,195,195,1377,32162858,164937.73333333334,ok,
full_geometry/NC,/project/6008051/pone_simulation/MC000011-nu_NC-2_6-LeptonInjector_PROPOSAL_clsim_NC-v17.1/Generator/34088294/gen_002.i3.zst,i3.zst,I3Photons,197,197,1376,52428357,266133.7918781726,ok,
full_geometry/NC,/project/6008051/pone_simulation/MC000011-nu_NC-2_6-LeptonInjector_PROPOSAL_clsim_NC-v17.1/Generator/34088294/gen_006.i3.zst,i3.zst,I3Photons,193,193,1378,41471751,214879.53886010364,ok,
full_geometry/NC,/project/6008051/pone_simulation/MC000011-nu_NC-2_6-LeptonInjector_PROPOSAL_clsim_NC-v17.1/Generator/34088294/gen_007.i3.zst,i3.zst,I3Photons,200,200,1377,18392784,91963.92,ok,
full_geometry/NC,/project/6008051/pone_simulation/MC000011-nu_NC-2_6-LeptonInjector_PROPOSAL_clsim_NC-v17.1/Generator/34088294/gen_008.i3.zst,i3.zst,I3Photons,197,197,1377,51661779,262242.5329949239,ok,
full_geometry/NC,/project/6008051/pone_simulation/MC000011-nu_NC-2_6-LeptonInjector_PROPOSAL_clsim_NC-v17.1/Generator/34088294/gen_009.i3.zst,i3.zst,I3Photons,197,197,1375,22986397,116682.21827411167,ok,
full_geometry/NC,/project/6008051/pone_simulation/MC000011-nu_NC-2_6-LeptonInjector_PROPOSAL_clsim_NC-v17.1/Generator/34097076/gen_005.i3.zst,i3.zst,I3Photons,198,198,1377,23021809,116271.76262626263,ok,
full_geometry/NC,/project/6008051/pone_simulation/MC000011-nu_NC-2_6-LeptonInjector_PROPOSAL_clsim_NC-v17.1/Generator/34097076/gen_009.i3.zst,i3.zst,I3Photons,197,197,1377,45399315,230453.37563451775,ok,
full_geometry/NC,/project/6008051/pone_simulation/MC000011-nu_NC-2_6-LeptonInjector_PROPOSAL_clsim_NC-v17.1/Generator/34104328/gen_001.i3.zst,i3.zst,I3Photons,199,199,1377,18249012,91703.57788944723,ok,
full_geometry/NC,/project/6008051/pone_simulation/MC000011-nu_NC-2_6-LeptonInjector_PROPOSAL_clsim_NC-v17.1/Generator/34104328/gen_002.i3.zst,i3.zst,I3Photons,197,197,1372,15958861,81009.44670050761,ok,
full_geometry/NC,/project/6008051/pone_simulation/MC000011-nu_NC-2_6-LeptonInjector_PROPOSAL_clsim_NC-v17.1/Generator/34104328/gen_003.i3.zst,i3.zst,I3Photons,198,198,1374,30619920,154646.0606060606,ok,
full_geometry/NC,/project/6008051/pone_simulation/MC000011-nu_NC-2_6-LeptonInjector_PROPOSAL_clsim_NC-v17.1/Generator/34104328/gen_007.i3.zst,i3.zst,I3Photons,195,195,1377,32736730,167880.66666666666,ok,
full_geometry/NC,/project/6008051/pone_simulation/MC000011-nu_NC-2_6-LeptonInjector_PROPOSAL_clsim_NC-v17.1/Generator/34109446/gen_005.i3.zst,i3.zst,I3Photons,198,198,1373,43386471,219123.5909090909,ok,
full_geometry/NC,/project/6008051/pone_simulation/MC000011-nu_NC-2_6-LeptonInjector_PROPOSAL_clsim_NC-v17.1/Generator/34109446/gen_006.i3.zst,i3.zst,I3Photons,199,199,1378,73879055,371251.5326633166,ok,
full_geometry/NC,/project/6008051/pone_simulation/MC000011-nu_NC-2_6-LeptonInjector_PROPOSAL_clsim_NC-v17.1/Generator/34109446/gen_007.i3.zst,i3.zst,I3Photons,194,194,1378,22200241,114434.23195876289,ok,
full_geometry/NC,/project/6008051/pone_simulation/MC000011-nu_NC-2_6-LeptonInjector_PROPOSAL_clsim_NC-v17.1/Generator/34114743/gen_001.i3.zst,i3.zst,I3Photons,198,198,1377,36502992,184358.54545454544,ok,
full_geometry/NC,/project/6008051/pone_simulation/MC000011-nu_NC-2_6-LeptonInjector_PROPOSAL_clsim_NC-v17.1/Generator/34114743/gen_002.i3.zst,i3.zst,I3Photons,198,198,1376,122159566,616967.505050505,ok,
full_geometry/NC,/project/6008051/pone_simulation/MC000011-nu_NC-2_6-LeptonInjector_PROPOSAL_clsim_NC-v17.1/Generator/34114743/gen_003.i3.zst,i3.zst,I3Photons,197,197,1375,46421287,235641.05076142133,ok,
full_geometry/NC,/project/6008051/pone_simulation/MC000011-nu_NC-2_6-LeptonInjector_PROPOSAL_clsim_NC-v17.1/Generator/34114743/gen_005.i3.zst,i3.zst,I3Photons,200,200,1378,58840127,294200.635,ok,
full_geometry/NC,/project/6008051/pone_simulation/MC000011-nu_NC-2_6-LeptonInjector_PROPOSAL_clsim_NC-v17.1/Generator/34114743/gen_006.i3.zst,i3.zst,I3Photons,197,197,1377,25754996,130736.02030456853,ok,
full_geometry/NC,/project/6008051/pone_simulation/MC000011-nu_NC-2_6-LeptonInjector_PROPOSAL_clsim_NC-v17.1/Generator/34114743/gen_008.i3.zst,i3.zst,I3Photons,198,198,1376,63915466,322805.38383838383,ok,
full_geometry/NC,/project/6008051/pone_simulation/MC000011-nu_NC-2_6-LeptonInjector_PROPOSAL_clsim_NC-v17.1/Generator/34114743/gen_009.i3.zst,i3.zst,I3Photons,199,199,1378,57028227,286574.00502512563,ok,
full_geometry/NC,/project/6008051/pone_simulation/MC000011-nu_NC-2_6-LeptonInjector_PROPOSAL_clsim_NC-v17.1/Generator/34114743/gen_010.i3.zst,i3.zst,I3Photons,198,198,1377,42181330,213037.0202020202,ok,
full_geometry/NC,/project/6008051/pone_simulation/MC000011-nu_NC-2_6-LeptonInjector_PROPOSAL_clsim_NC-v17.1/Generator/34143248/gen_002.i3.zst,i3.zst,I3Photons,198,198,1377,46946520,237103.63636363635,ok,
full_geometry/NC,/project/6008051/pone_simulation/MC000011-nu_NC-2_6-LeptonInjector_PROPOSAL_clsim_NC-v17.1/Generator/34143248/gen_006.i3.zst,i3.zst,I3Photons,197,197,1378,71558917,363243.23350253806,ok,
full_geometry/NC,/project/6008051/pone_simulation/MC000011-nu_NC-2_6-LeptonInjector_PROPOSAL_clsim_NC-v17.1/Generator/34143248/gen_007.i3.zst,i3.zst,I3Photons,196,196,1377,64266882,327892.2551020408,ok,
full_geometry/NC,/project/6008051/pone_simulation/MC000011-nu_NC-2_6-LeptonInjector_PROPOSAL_clsim_NC-v17.1/Generator/34143248/gen_009.i3.zst,i3.zst,I3Photons,196,196,1376,27995567,142834.52551020408,ok,
full_geometry/NC,/project/6008051/pone_simulation/MC000011-nu_NC-2_6-LeptonInjector_PROPOSAL_clsim_NC-v17.1/Generator/34143248/gen_010.i3.zst,i3.zst,I3Photons,195,195,1378,22370736,114721.72307692308,ok,
full_geometry/NC,/project/6008051/pone_simulation/MC000011-nu_NC-2_6-LeptonInjector_PROPOSAL_clsim_NC-v17.1/Generator/34178298/gen_001.i3.zst,i3.zst,I3Photons,199,199,1374,22681430,113977.0351758794,ok,
full_geometry/NC,/project/6008051/pone_simulation/MC000011-nu_NC-2_6-LeptonInjector_PROPOSAL_clsim_NC-v17.1/Generator/34178298/gen_002.i3.zst,i3.zst,I3Photons,199,199,1378,24778318,124514.1608040201,ok,
full_geometry/NC,/project/6008051/pone_simulation/MC000011-nu_NC-2_6-LeptonInjector_PROPOSAL_clsim_NC-v17.1/Generator/34178298/gen_004.i3.zst,i3.zst,I3Photons,193,193,1375,51092301,264726.9481865285,ok,
full_geometry/NC,/project/6008051/pone_simulation/MC000011-nu_NC-2_6-LeptonInjector_PROPOSAL_clsim_NC-v17.1/Generator/34178298/gen_006.i3.zst,i3.zst,I3Photons,199,199,1374,51807219,260337.78391959798,ok,
full_geometry/NC,/project/6008051/pone_simulation/MC000011-nu_NC-2_6-LeptonInjector_PROPOSAL_clsim_NC-v17.1/Generator/34178298/gen_007.i3.zst,i3.zst,I3Photons,199,199,1377,23694485,119067.76381909547,ok,
full_geometry/NC,/project/6008051/pone_simulation/MC000011-nu_NC-2_6-LeptonInjector_PROPOSAL_clsim_NC-v17.1/Generator/34178298/gen_008.i3.zst,i3.zst,I3Photons,196,196,1374,45038691,229789.23979591837,ok,
full_geometry/NC,/project/6008051/pone_simulation/MC000011-nu_NC-2_6-LeptonInjector_PROPOSAL_clsim_NC-v17.1/Generator/34197693/gen_001.i3.zst,i3.zst,I3Photons,196,196,1376,21607827,110244.01530612246,ok,
full_geometry/NC,/project/6008051/pone_simulation/MC000011-nu_NC-2_6-LeptonInjector_PROPOSAL_clsim_NC-v17.1/Generator/34197693/gen_005.i3.zst,i3.zst,I3Photons,195,195,1377,37261367,191083.93333333332,ok,
full_geometry/NC,/project/6008051/pone_simulation/MC000011-nu_NC-2_6-LeptonInjector_PROPOSAL_clsim_NC-v17.1/Generator/34197693/gen_008.i3.zst,i3.zst,I3Photons,196,196,1376,39234728,200177.18367346938,ok,
full_geometry/NC,/project/6008051/pone_simulation/MC000011-nu_NC-2_6-LeptonInjector_PROPOSAL_clsim_NC-v17.1/Generator/34197693/gen_009.i3.zst,i3.zst,I3Photons,199,199,1377,47126718,236817.6783919598,ok,
full_geometry/NC,/project/6008051/pone_simulation/MC000011-nu_NC-2_6-LeptonInjector_PROPOSAL_clsim_NC-v17.1/Generator/34197693/gen_010.i3.zst,i3.zst,I3Photons,196,196,1376,32571916,166183.24489795917,ok,
full_geometry/Tau,/project/6008051/pone_simulation/MC000010-nu_tau-2_6-LeptonInjector_PROPOSAL_clsim-v17.1/Generator/33996158/gen_001.i3.zst,i3.zst,I3Photons,200,200,1375,69334062,346670.31,ok,
full_geometry/Tau,/project/6008051/pone_simulation/MC000010-nu_tau-2_6-LeptonInjector_PROPOSAL_clsim-v17.1/Generator/33996158/gen_002.i3.zst,i3.zst,I3Photons,199,199,1376,51828034,260442.38190954775,ok,
full_geometry/Tau,/project/6008051/pone_simulation/MC000010-nu_tau-2_6-LeptonInjector_PROPOSAL_clsim-v17.1/Generator/33996158/gen_009.i3.zst,i3.zst,I3Photons,200,200,1378,62052153,310260.765,ok,
full_geometry/Tau,/project/6008051/pone_simulation/MC000010-nu_tau-2_6-LeptonInjector_PROPOSAL_clsim-v17.1/Generator/34040426/gen_002.i3.zst,i3.zst,I3Photons,198,198,1378,38371938,193797.66666666666,ok,
full_geometry/Tau,/project/6008051/pone_simulation/MC000010-nu_tau-2_6-LeptonInjector_PROPOSAL_clsim-v17.1/Generator/34040426/gen_003.i3.zst,i3.zst,I3Photons,200,200,1378,57070531,285352.655,ok,
full_geometry/Tau,/project/6008051/pone_simulation/MC000010-nu_tau-2_6-LeptonInjector_PROPOSAL_clsim-v17.1/Generator/34040426/gen_006.i3.zst,i3.zst,I3Photons,198,198,1378,134079078,677167.0606060605,ok,
full_geometry/Tau,/project/6008051/pone_simulation/MC000010-nu_tau-2_6-LeptonInjector_PROPOSAL_clsim-v17.1/Generator/34040426/gen_007.i3.zst,i3.zst,I3Photons,200,200,1377,64212718,321063.59,ok,
full_geometry/Tau,/project/6008051/pone_simulation/MC000010-nu_tau-2_6-LeptonInjector_PROPOSAL_clsim-v17.1/Generator/34040426/gen_008.i3.zst,i3.zst,I3Photons,200,200,1378,65658420,328292.1,ok,
full_geometry/Tau,/project/6008051/pone_simulation/MC000010-nu_tau-2_6-LeptonInjector_PROPOSAL_clsim-v17.1/Generator/34040426/gen_010.i3.zst,i3.zst,I3Photons,199,199,1378,47374144,238061.02512562813,ok,
full_geometry/Tau,/project/6008051/pone_simulation/MC000010-nu_tau-2_6-LeptonInjector_PROPOSAL_clsim-v17.1/Generator/34114930/gen_002.i3.zst,i3.zst,I3Photons,200,200,1378,28085421,140427.105,ok,
full_geometry/Tau,/project/6008051/pone_simulation/MC000010-nu_tau-2_6-LeptonInjector_PROPOSAL_clsim-v17.1/Generator/34114930/gen_004.i3.zst,i3.zst,I3Photons,199,199,1374,36519670,183515.9296482412,ok,
full_geometry/Tau,/project/6008051/pone_simulation/MC000010-nu_tau-2_6-LeptonInjector_PROPOSAL_clsim-v17.1/Generator/34114930/gen_008.i3.zst,i3.zst,I3Photons,200,200,1378,124601472,623007.36,ok,
full_geometry/Tau,/project/6008051/pone_simulation/MC000010-nu_tau-2_6-LeptonInjector_PROPOSAL_clsim-v17.1/Generator/34114930/gen_009.i3.zst,i3.zst,I3Photons,200,200,1378,47435695,237178.475,ok,
full_geometry/Tau,/project/6008051/pone_simulation/MC000010-nu_tau-2_6-LeptonInjector_PROPOSAL_clsim-v17.1/Generator/34241564/gen_002.i3.zst,i3.zst,I3Photons,199,199,1378,54243798,272581.89949748747,ok,
full_geometry/Tau,/project/6008051/pone_simulation/MC000010-nu_tau-2_6-LeptonInjector_PROPOSAL_clsim-v17.1/Generator/34241564/gen_003.i3.zst,i3.zst,I3Photons,199,199,1377,50564323,254092.07537688443,ok,
full_geometry/Tau,/project/6008051/pone_simulation/MC000010-nu_tau-2_6-LeptonInjector_PROPOSAL_clsim-v17.1/Generator/34254579/gen_003.i3.zst,i3.zst,I3Photons,200,200,1374,74251471,371257.355,ok,
full_geometry/Tau,/project/6008051/pone_simulation/MC000010-nu_tau-2_6-LeptonInjector_PROPOSAL_clsim-v17.1/Generator/34254579/gen_010.i3.zst,i3.zst,I3Photons,198,198,1378,65840802,332529.30303030304,ok,
full_geometry/Tau,/project/6008051/pone_simulation/MC000010-nu_tau-2_6-LeptonInjector_PROPOSAL_clsim-v17.1/Generator/34257332/gen_002.i3.zst,i3.zst,I3Photons,200,200,1378,31640037,158200.185,ok,
full_geometry/Tau,/project/6008051/pone_simulation/MC000010-nu_tau-2_6-LeptonInjector_PROPOSAL_clsim-v17.1/Generator/34257332/gen_003.i3.zst,i3.zst,I3Photons,200,200,1378,69005920,345029.6,ok,
full_geometry/Tau,/project/6008051/pone_simulation/MC000010-nu_tau-2_6-LeptonInjector_PROPOSAL_clsim-v17.1/Generator/34257332/gen_005.i3.zst,i3.zst,I3Photons,200,200,1378,68934191,344670.955,ok,
full_geometry/Tau,/project/6008051/pone_simulation/MC000010-nu_tau-2_6-LeptonInjector_PROPOSAL_clsim-v17.1/Generator/34257332/gen_007.i3.zst,i3.zst,I3Photons,200,200,1378,53864885,269324.425,ok,
full_geometry/Tau,/project/6008051/pone_simulation/MC000010-nu_tau-2_6-LeptonInjector_PROPOSAL_clsim-v17.1/Generator/34257332/gen_008.i3.zst,i3.zst,I3Photons,200,200,1378,87368149,436840.745,ok,
full_geometry/Tau,/project/6008051/pone_simulation/MC000010-nu_tau-2_6-LeptonInjector_PROPOSAL_clsim-v17.1/Generator/34266034/gen_010.i3.zst,i3.zst,I3Photons,198,198,1377,114107457,576300.2878787878,ok,
full_geometry/Tau,/project/6008051/pone_simulation/MC000010-nu_tau-2_6-LeptonInjector_PROPOSAL_clsim-v17.1/Generator/34276485/gen_002.i3.zst,i3.zst,I3Photons,199,199,1378,49558592,249038.15075376883,ok,
full_geometry/Tau,/project/6008051/pone_simulation/MC000010-nu_tau-2_6-LeptonInjector_PROPOSAL_clsim-v17.1/Generator/34285504/gen_008.i3.zst,i3.zst,I3Photons,199,199,1376,43882041,220512.7688442211,ok,
full_geometry/Tau,/project/6008051/pone_simulation/MC000010-nu_tau-2_6-LeptonInjector_PROPOSAL_clsim-v17.1/Generator/34285504/gen_010.i3.zst,i3.zst,I3Photons,199,199,1378,115478979,580296.3768844221,ok,
full_geometry/Tau,/project/6008051/pone_simulation/MC000010-nu_tau-2_6-LeptonInjector_PROPOSAL_clsim-v17.1/Generator/34291127/gen_006.i3.zst,i3.zst,I3Photons,198,198,1377,28479887,143837.81313131313,ok,
full_geometry/Tau,/project/6008051/pone_simulation/MC000010-nu_tau-2_6-LeptonInjector_PROPOSAL_clsim-v17.1/Generator/34291127/gen_008.i3.zst,i3.zst,I3Photons,199,199,1369,91261263,458599.3115577889,ok,
strings_102_40m/Electron,/scratch/kbas/Spring2026MC/Strings_102_40m/Electron_I3Photons/electron_33996141_gen_008.i3.gz,i3.gz,I3Photons,58,58,102,10776801,185806.91379310345,ok,
strings_102_40m/Electron,/scratch/kbas/Spring2026MC/Strings_102_40m/Electron_I3Photons/electron_33996141_gen_010.i3.gz,i3.gz,I3Photons,46,46,102,3323702,72254.39130434782,ok,
strings_102_40m/Electron,/scratch/kbas/Spring2026MC/Strings_102_40m/Electron_I3Photons/electron_34052919_gen_008.i3.gz,i3.gz,I3Photons,58,58,102,4707500,81163.79310344828,ok,
strings_102_40m/Electron,/scratch/kbas/Spring2026MC/Strings_102_40m/Electron_I3Photons/electron_34094642_gen_001.i3.gz,i3.gz,I3Photons,44,44,102,23809224,541118.7272727273,ok,
strings_102_40m/Electron,/scratch/kbas/Spring2026MC/Strings_102_40m/Electron_I3Photons/electron_34094642_gen_003.i3.gz,i3.gz,I3Photons,65,65,102,14430728,222011.2,ok,
strings_102_40m/Electron,/scratch/kbas/Spring2026MC/Strings_102_40m/Electron_I3Photons/electron_34094642_gen_008.i3.gz,i3.gz,I3Photons,53,53,102,12821426,241913.69811320756,ok,
strings_102_40m/Electron,/scratch/kbas/Spring2026MC/Strings_102_40m/Electron_I3Photons/electron_34217559_gen_001.i3.gz,i3.gz,I3Photons,55,55,102,2849246,51804.472727272725,ok,
strings_102_40m/Electron,/scratch/kbas/Spring2026MC/Strings_102_40m/Electron_I3Photons/electron_34217559_gen_010.i3.gz,i3.gz,I3Photons,49,49,102,4142875,84548.4693877551,ok,
strings_102_40m/Electron,/scratch/kbas/Spring2026MC/Strings_102_40m/Electron_I3Photons/electron_34225816_gen_005.i3.gz,i3.gz,I3Photons,50,50,102,7202153,144043.06,ok,
strings_102_40m/Electron,/scratch/kbas/Spring2026MC/Strings_102_40m/Electron_I3Photons/electron_34233761_gen_005.i3.gz,i3.gz,I3Photons,61,61,102,534270,8758.524590163934,ok,
strings_102_40m/Electron,/scratch/kbas/Spring2026MC/Strings_102_40m/Electron_I3Photons/electron_34233761_gen_006.i3.gz,i3.gz,I3Photons,51,51,102,441311,8653.156862745098,ok,
strings_102_40m/Electron,/scratch/kbas/Spring2026MC/Strings_102_40m/Electron_I3Photons/electron_34240101_gen_001.i3.gz,i3.gz,I3Photons,55,55,102,9385141,170638.92727272728,ok,
strings_102_40m/Electron,/scratch/kbas/Spring2026MC/Strings_102_40m/Electron_I3Photons/electron_34240101_gen_006.i3.gz,i3.gz,I3Photons,55,55,102,10460260,190186.54545454544,ok,
strings_102_40m/Electron,/scratch/kbas/Spring2026MC/Strings_102_40m/Electron_I3Photons/electron_34250277_gen_007.i3.gz,i3.gz,I3Photons,54,54,102,19456145,360298.98148148146,ok,
strings_102_40m/Electron,/scratch/kbas/Spring2026MC/Strings_102_40m/Electron_I3Photons/electron_34254077_gen_003.i3.gz,i3.gz,I3Photons,45,45,102,5851393,130030.95555555556,ok,
strings_102_40m/Electron,/scratch/kbas/Spring2026MC/Strings_102_40m/Electron_I3Photons/electron_34254077_gen_004.i3.gz,i3.gz,I3Photons,57,57,102,10634496,186570.1052631579,ok,
strings_102_40m/Electron,/scratch/kbas/Spring2026MC/Strings_102_40m/Electron_I3Photons/electron_34254077_gen_006.i3.gz,i3.gz,I3Photons,56,56,102,4937005,88160.80357142857,ok,
strings_102_40m/Electron,/scratch/kbas/Spring2026MC/Strings_102_40m/Electron_I3Photons/electron_34266348_gen_001.i3.gz,i3.gz,I3Photons,55,55,102,5823797,105887.21818181819,ok,
strings_102_40m/Electron,/scratch/kbas/Spring2026MC/Strings_102_40m/Electron_I3Photons/electron_34266348_gen_002.i3.gz,i3.gz,I3Photons,56,56,102,10422040,186107.85714285713,ok,
strings_102_40m/Electron,/scratch/kbas/Spring2026MC/Strings_102_40m/Electron_I3Photons/electron_34266348_gen_006.i3.gz,i3.gz,I3Photons,51,51,102,2832768,55544.470588235294,ok,
strings_102_40m/Electron,/scratch/kbas/Spring2026MC/Strings_102_40m/Electron_I3Photons/electron_34266348_gen_008.i3.gz,i3.gz,I3Photons,49,49,102,1498513,30581.897959183672,ok,
strings_102_40m/Muon,/scratch/kbas/Spring2026MC/Strings_102_40m/Muon_I3Photons/muon_33939527_gen_001.i3.gz,i3.gz,I3Photons,29,29,102,4106854,141615.6551724138,ok,
strings_102_40m/Muon,/scratch/kbas/Spring2026MC/Strings_102_40m/Muon_I3Photons/muon_33939527_gen_002.i3.gz,i3.gz,I3Photons,28,28,101,268732,9597.57142857143,ok,
strings_102_40m/Muon,/scratch/kbas/Spring2026MC/Strings_102_40m/Muon_I3Photons/muon_33939527_gen_003.i3.gz,i3.gz,I3Photons,16,16,102,771601,48225.0625,ok,
strings_102_40m/Muon,/scratch/kbas/Spring2026MC/Strings_102_40m/Muon_I3Photons/muon_33939527_gen_004.i3.gz,i3.gz,I3Photons,12,12,97,415634,34636.166666666664,ok,
strings_102_40m/Muon,/scratch/kbas/Spring2026MC/Strings_102_40m/Muon_I3Photons/muon_33939527_gen_005.i3.gz,i3.gz,I3Photons,20,20,102,156301,7815.05,ok,
strings_102_40m/Muon,/scratch/kbas/Spring2026MC/Strings_102_40m/Muon_I3Photons/muon_33939527_gen_006.i3.gz,i3.gz,I3Photons,19,19,102,324694,17089.157894736843,ok,
strings_102_40m/Muon,/scratch/kbas/Spring2026MC/Strings_102_40m/Muon_I3Photons/muon_33939527_gen_008.i3.gz,i3.gz,I3Photons,23,23,102,296454,12889.304347826086,ok,
strings_102_40m/Muon,/scratch/kbas/Spring2026MC/Strings_102_40m/Muon_I3Photons/muon_33939527_gen_009.i3.gz,i3.gz,I3Photons,17,17,102,161966,9527.411764705883,ok,
strings_102_40m/Muon,/scratch/kbas/Spring2026MC/Strings_102_40m/Muon_I3Photons/muon_33939527_gen_010.i3.gz,i3.gz,I3Photons,22,22,102,201963,9180.136363636364,ok,
strings_102_40m/Muon,/scratch/kbas/Spring2026MC/Strings_102_40m/Muon_I3Photons/muon_33945032_gen_001.i3.gz,i3.gz,I3Photons,17,17,85,221226,13013.29411764706,ok,
strings_102_40m/Muon,/scratch/kbas/Spring2026MC/Strings_102_40m/Muon_I3Photons/muon_33945032_gen_002.i3.gz,i3.gz,I3Photons,17,17,102,1896479,111557.58823529411,ok,
strings_102_40m/Muon,/scratch/kbas/Spring2026MC/Strings_102_40m/Muon_I3Photons/muon_33945032_gen_004.i3.gz,i3.gz,I3Photons,24,24,102,2503471,104311.29166666667,ok,
strings_102_40m/Muon,/scratch/kbas/Spring2026MC/Strings_102_40m/Muon_I3Photons/muon_33945032_gen_005.i3.gz,i3.gz,I3Photons,20,20,101,404777,20238.85,ok,
strings_102_40m/Muon,/scratch/kbas/Spring2026MC/Strings_102_40m/Muon_I3Photons/muon_33945032_gen_006.i3.gz,i3.gz,I3Photons,26,26,102,1183800,45530.769230769234,ok,
strings_102_40m/Muon,/scratch/kbas/Spring2026MC/Strings_102_40m/Muon_I3Photons/muon_33945032_gen_007.i3.gz,i3.gz,I3Photons,28,28,102,678477,24231.321428571428,ok,
strings_102_40m/Muon,/scratch/kbas/Spring2026MC/Strings_102_40m/Muon_I3Photons/muon_33945032_gen_008.i3.gz,i3.gz,I3Photons,26,26,102,220386,8476.384615384615,ok,
strings_102_40m/Muon,/scratch/kbas/Spring2026MC/Strings_102_40m/Muon_I3Photons/muon_33945032_gen_009.i3.gz,i3.gz,I3Photons,23,23,101,176212,7661.391304347826,ok,
strings_102_40m/Muon,/scratch/kbas/Spring2026MC/Strings_102_40m/Muon_I3Photons/muon_33945032_gen_010.i3.gz,i3.gz,I3Photons,22,22,102,221342,10061.0,ok,
strings_102_40m/Muon,/scratch/kbas/Spring2026MC/Strings_102_40m/Muon_I3Photons/muon_33947860_gen_001.i3.gz,i3.gz,I3Photons,28,28,102,293275,10474.107142857143,ok,
strings_102_40m/Muon,/scratch/kbas/Spring2026MC/Strings_102_40m/Muon_I3Photons/muon_33947860_gen_002.i3.gz,i3.gz,I3Photons,19,19,101,608313,32016.473684210527,ok,
strings_102_40m/Muon,/scratch/kbas/Spring2026MC/Strings_102_40m/Muon_I3Photons/muon_33947860_gen_003.i3.gz,i3.gz,I3Photons,30,30,102,471489,15716.3,ok,
strings_102_40m/Muon,/scratch/kbas/Spring2026MC/Strings_102_40m/Muon_I3Photons/muon_33947860_gen_006.i3.gz,i3.gz,I3Photons,22,22,95,280114,12732.454545454546,ok,
strings_102_40m/Muon,/scratch/kbas/Spring2026MC/Strings_102_40m/Muon_I3Photons/muon_33947860_gen_007.i3.gz,i3.gz,I3Photons,22,22,102,111610,5073.181818181818,ok,
strings_102_40m/Muon,/scratch/kbas/Spring2026MC/Strings_102_40m/Muon_I3Photons/muon_33947860_gen_008.i3.gz,i3.gz,I3Photons,19,19,102,975107,51321.42105263158,ok,
strings_102_40m/Muon,/scratch/kbas/Spring2026MC/Strings_102_40m/Muon_I3Photons/muon_33947860_gen_009.i3.gz,i3.gz,I3Photons,28,28,102,539018,19250.64285714286,ok,
strings_102_40m/Muon,/scratch/kbas/Spring2026MC/Strings_102_40m/Muon_I3Photons/muon_33947860_gen_010.i3.gz,i3.gz,I3Photons,26,26,102,1434430,55170.38461538462,ok,
strings_102_40m/Muon,/scratch/kbas/Spring2026MC/Strings_102_40m/Muon_I3Photons/muon_33954438_gen_001.i3.gz,i3.gz,I3Photons,25,25,102,592243,23689.72,ok,
strings_102_40m/Muon,/scratch/kbas/Spring2026MC/Strings_102_40m/Muon_I3Photons/muon_33954438_gen_002.i3.gz,i3.gz,I3Photons,31,31,102,227339,7333.5161290322585,ok,
strings_102_40m/Muon,/scratch/kbas/Spring2026MC/Strings_102_40m/Muon_I3Photons/muon_33954438_gen_003.i3.gz,i3.gz,I3Photons,21,21,102,883506,42071.71428571428,ok,
strings_102_40m/Muon,/scratch/kbas/Spring2026MC/Strings_102_40m/Muon_I3Photons/muon_33954438_gen_004.i3.gz,i3.gz,I3Photons,27,27,101,767708,28433.62962962963,ok,
strings_102_40m/Muon,/scratch/kbas/Spring2026MC/Strings_102_40m/Muon_I3Photons/muon_33954438_gen_005.i3.gz,i3.gz,I3Photons,14,14,97,144182,10298.714285714286,ok,
strings_102_40m/Muon,/scratch/kbas/Spring2026MC/Strings_102_40m/Muon_I3Photons/muon_33954438_gen_007.i3.gz,i3.gz,I3Photons,20,20,102,970884,48544.2,ok,
strings_102_40m/Muon,/scratch/kbas/Spring2026MC/Strings_102_40m/Muon_I3Photons/muon_33954438_gen_008.i3.gz,i3.gz,I3Photons,21,21,101,332856,15850.285714285714,ok,
strings_102_40m/Muon,/scratch/kbas/Spring2026MC/Strings_102_40m/Muon_I3Photons/muon_33954438_gen_009.i3.gz,i3.gz,I3Photons,18,18,101,244599,13588.833333333334,ok,
strings_102_40m/Muon,/scratch/kbas/Spring2026MC/Strings_102_40m/Muon_I3Photons/muon_33954438_gen_010.i3.gz,i3.gz,I3Photons,15,15,84,233702,15580.133333333333,ok,
strings_102_40m/Muon,/scratch/kbas/Spring2026MC/Strings_102_40m/Muon_I3Photons/muon_33963272_gen_001.i3.gz,i3.gz,I3Photons,21,21,102,10381474,494355.90476190473,ok,
strings_102_40m/Muon,/scratch/kbas/Spring2026MC/Strings_102_40m/Muon_I3Photons/muon_33963272_gen_002.i3.gz,i3.gz,I3Photons,16,16,94,145114,9069.625,ok,
strings_102_40m/Muon,/scratch/kbas/Spring2026MC/Strings_102_40m/Muon_I3Photons/muon_33963272_gen_003.i3.gz,i3.gz,I3Photons,17,17,100,149131,8772.411764705883,ok,
strings_102_40m/Muon,/scratch/kbas/Spring2026MC/Strings_102_40m/Muon_I3Photons/muon_33963272_gen_004.i3.gz,i3.gz,I3Photons,35,35,102,1800825,51452.142857142855,ok,
strings_102_40m/Muon,/scratch/kbas/Spring2026MC/Strings_102_40m/Muon_I3Photons/muon_33963272_gen_005.i3.gz,i3.gz,I3Photons,23,23,102,422697,18378.130434782608,ok,
strings_102_40m/Muon,/scratch/kbas/Spring2026MC/Strings_102_40m/Muon_I3Photons/muon_33963272_gen_006.i3.gz,i3.gz,I3Photons,18,18,102,162510,9028.333333333334,ok,
strings_102_40m/Muon,/scratch/kbas/Spring2026MC/Strings_102_40m/Muon_I3Photons/muon_33963272_gen_007.i3.gz,i3.gz,I3Photons,22,22,102,665812,30264.18181818182,ok,
strings_102_40m/Muon,/scratch/kbas/Spring2026MC/Strings_102_40m/Muon_I3Photons/muon_33963272_gen_008.i3.gz,i3.gz,I3Photons,17,17,102,265932,15643.058823529413,ok,
strings_102_40m/Muon,/scratch/kbas/Spring2026MC/Strings_102_40m/Muon_I3Photons/muon_33963272_gen_009.i3.gz,i3.gz,I3Photons,25,25,102,282905,11316.2,ok,
strings_102_40m/Muon,/scratch/kbas/Spring2026MC/Strings_102_40m/Muon_I3Photons/muon_33974439_gen_001.i3.gz,i3.gz,I3Photons,16,16,99,76628,4789.25,ok,
strings_102_40m/Muon,/scratch/kbas/Spring2026MC/Strings_102_40m/Muon_I3Photons/muon_33974439_gen_002.i3.gz,i3.gz,I3Photons,23,23,98,638215,27748.478260869564,ok,
strings_102_40m/Muon,/scratch/kbas/Spring2026MC/Strings_102_40m/Muon_I3Photons/muon_33974439_gen_003.i3.gz,i3.gz,I3Photons,19,19,95,575631,30296.36842105263,ok,
strings_102_40m/Muon,/scratch/kbas/Spring2026MC/Strings_102_40m/Muon_I3Photons/muon_33974439_gen_004.i3.gz,i3.gz,I3Photons,27,27,102,11618795,430325.74074074073,ok,
strings_102_40m/Muon,/scratch/kbas/Spring2026MC/Strings_102_40m/Muon_I3Photons/muon_33974439_gen_005.i3.gz,i3.gz,I3Photons,21,21,91,168669,8031.857142857143,ok,
strings_102_40m/Muon,/scratch/kbas/Spring2026MC/Strings_102_40m/Muon_I3Photons/muon_33974439_gen_007.i3.gz,i3.gz,I3Photons,19,19,102,442329,23280.473684210527,ok,
strings_102_40m/Muon,/scratch/kbas/Spring2026MC/Strings_102_40m/Muon_I3Photons/muon_33974439_gen_008.i3.gz,i3.gz,I3Photons,25,25,102,733271,29330.84,ok,
strings_102_40m/Muon,/scratch/kbas/Spring2026MC/Strings_102_40m/Muon_I3Photons/muon_33974439_gen_009.i3.gz,i3.gz,I3Photons,18,18,102,217105,12061.388888888889,ok,
strings_102_40m/Muon,/scratch/kbas/Spring2026MC/Strings_102_40m/Muon_I3Photons/muon_33974439_gen_010.i3.gz,i3.gz,I3Photons,22,22,98,131515,5977.954545454545,ok,
strings_102_40m/Muon,/scratch/kbas/Spring2026MC/Strings_102_40m/Muon_I3Photons/muon_33993059_gen_001.i3.gz,i3.gz,I3Photons,22,22,100,5946363,270289.2272727273,ok,
strings_102_40m/Muon,/scratch/kbas/Spring2026MC/Strings_102_40m/Muon_I3Photons/muon_33993059_gen_002.i3.gz,i3.gz,I3Photons,28,28,102,5697492,203481.85714285713,ok,
strings_102_40m/Muon,/scratch/kbas/Spring2026MC/Strings_102_40m/Muon_I3Photons/muon_33993059_gen_003.i3.gz,i3.gz,I3Photons,19,19,82,76441,4023.2105263157896,ok,
strings_102_40m/Muon,/scratch/kbas/Spring2026MC/Strings_102_40m/Muon_I3Photons/muon_33993059_gen_004.i3.gz,i3.gz,I3Photons,23,23,102,770680,33507.82608695652,ok,
strings_102_40m/Muon,/scratch/kbas/Spring2026MC/Strings_102_40m/Muon_I3Photons/muon_33993059_gen_005.i3.gz,i3.gz,I3Photons,19,19,100,188605,9926.578947368422,ok,
strings_102_40m/Muon,/scratch/kbas/Spring2026MC/Strings_102_40m/Muon_I3Photons/muon_33993059_gen_006.i3.gz,i3.gz,I3Photons,25,25,102,909468,36378.72,ok,
strings_102_40m/Muon,/scratch/kbas/Spring2026MC/Strings_102_40m/Muon_I3Photons/muon_33993059_gen_007.i3.gz,i3.gz,I3Photons,23,23,102,1027858,44689.47826086957,ok,
strings_102_40m/Muon,/scratch/kbas/Spring2026MC/Strings_102_40m/Muon_I3Photons/muon_33993059_gen_008.i3.gz,i3.gz,I3Photons,20,20,102,444674,22233.7,ok,
strings_102_40m/Muon,/scratch/kbas/Spring2026MC/Strings_102_40m/Muon_I3Photons/muon_33993059_gen_009.i3.gz,i3.gz,I3Photons,27,27,102,632147,23412.85185185185,ok,
strings_102_40m/Muon,/scratch/kbas/Spring2026MC/Strings_102_40m/Muon_I3Photons/muon_33993059_gen_010.i3.gz,i3.gz,I3Photons,20,20,102,429013,21450.65,ok,
strings_102_40m/Muon,/scratch/kbas/Spring2026MC/Strings_102_40m/Muon_I3Photons/muon_34019182_gen_001.i3.gz,i3.gz,I3Photons,19,19,99,382391,20125.842105263157,ok,
strings_102_40m/Muon,/scratch/kbas/Spring2026MC/Strings_102_40m/Muon_I3Photons/muon_34019182_gen_003.i3.gz,i3.gz,I3Photons,29,29,102,661313,22803.896551724138,ok,
strings_102_40m/Muon,/scratch/kbas/Spring2026MC/Strings_102_40m/Muon_I3Photons/muon_34019182_gen_004.i3.gz,i3.gz,I3Photons,17,17,102,120146,7067.411764705882,ok,
strings_102_40m/Muon,/scratch/kbas/Spring2026MC/Strings_102_40m/Muon_I3Photons/muon_34019182_gen_005.i3.gz,i3.gz,I3Photons,26,26,102,223615,8600.576923076924,ok,
strings_102_40m/Muon,/scratch/kbas/Spring2026MC/Strings_102_40m/Muon_I3Photons/muon_34019182_gen_007.i3.gz,i3.gz,I3Photons,18,18,99,2067408,114856.0,ok,
strings_102_40m/Muon,/scratch/kbas/Spring2026MC/Strings_102_40m/Muon_I3Photons/muon_34019182_gen_008.i3.gz,i3.gz,I3Photons,21,21,102,283385,13494.52380952381,ok,
strings_102_40m/Muon,/scratch/kbas/Spring2026MC/Strings_102_40m/Muon_I3Photons/muon_34019182_gen_009.i3.gz,i3.gz,I3Photons,21,21,100,92870,4422.380952380952,ok,
strings_102_40m/Muon,/scratch/kbas/Spring2026MC/Strings_102_40m/Muon_I3Photons/muon_34019182_gen_010.i3.gz,i3.gz,I3Photons,20,20,102,361555,18077.75,ok,
strings_102_40m/Muon,/scratch/kbas/Spring2026MC/Strings_102_40m/Muon_I3Photons/muon_34049184_gen_001.i3.gz,i3.gz,I3Photons,19,19,102,195016,10264.0,ok,
strings_102_40m/Muon,/scratch/kbas/Spring2026MC/Strings_102_40m/Muon_I3Photons/muon_34049184_gen_002.i3.gz,i3.gz,I3Photons,22,22,102,418283,19012.863636363636,ok,
strings_102_40m/Muon,/scratch/kbas/Spring2026MC/Strings_102_40m/Muon_I3Photons/muon_34049184_gen_004.i3.gz,i3.gz,I3Photons,22,22,102,614344,27924.727272727272,ok,
strings_102_40m/Muon,/scratch/kbas/Spring2026MC/Strings_102_40m/Muon_I3Photons/muon_34049184_gen_005.i3.gz,i3.gz,I3Photons,13,13,102,585863,45066.38461538462,ok,
strings_102_40m/Muon,/scratch/kbas/Spring2026MC/Strings_102_40m/Muon_I3Photons/muon_34049184_gen_006.i3.gz,i3.gz,I3Photons,26,26,100,992772,38183.53846153846,ok,
strings_102_40m/Muon,/scratch/kbas/Spring2026MC/Strings_102_40m/Muon_I3Photons/muon_34049184_gen_007.i3.gz,i3.gz,I3Photons,14,14,72,28645,2046.0714285714287,ok,
strings_102_40m/Muon,/scratch/kbas/Spring2026MC/Strings_102_40m/Muon_I3Photons/muon_34049184_gen_008.i3.gz,i3.gz,I3Photons,22,22,99,673236,30601.636363636364,ok,
strings_102_40m/Muon,/scratch/kbas/Spring2026MC/Strings_102_40m/Muon_I3Photons/muon_34049184_gen_009.i3.gz,i3.gz,I3Photons,23,23,101,294771,12816.130434782608,ok,
strings_102_40m/Muon,/scratch/kbas/Spring2026MC/Strings_102_40m/Muon_I3Photons/muon_34049184_gen_010.i3.gz,i3.gz,I3Photons,18,18,102,4100360,227797.77777777778,ok,
strings_102_40m/Muon,/scratch/kbas/Spring2026MC/Strings_102_40m/Muon_I3Photons/muon_34088096_gen_001.i3.gz,i3.gz,I3Photons,18,18,102,244288,13571.555555555555,ok,
strings_102_40m/Muon,/scratch/kbas/Spring2026MC/Strings_102_40m/Muon_I3Photons/muon_34088096_gen_002.i3.gz,i3.gz,I3Photons,17,17,102,156490,9205.29411764706,ok,
strings_102_40m/Muon,/scratch/kbas/Spring2026MC/Strings_102_40m/Muon_I3Photons/muon_34088096_gen_003.i3.gz,i3.gz,I3Photons,34,34,102,4373156,128622.23529411765,ok,
strings_102_40m/Muon,/scratch/kbas/Spring2026MC/Strings_102_40m/Muon_I3Photons/muon_34088096_gen_005.i3.gz,i3.gz,I3Photons,22,22,102,824577,37480.77272727273,ok,
strings_102_40m/Muon,/scratch/kbas/Spring2026MC/Strings_102_40m/Muon_I3Photons/muon_34088096_gen_006.i3.gz,i3.gz,I3Photons,23,23,102,238401,10365.260869565218,ok,
strings_102_40m/Muon,/scratch/kbas/Spring2026MC/Strings_102_40m/Muon_I3Photons/muon_34088096_gen_007.i3.gz,i3.gz,I3Photons,32,32,102,913684,28552.625,ok,
strings_102_40m/Muon,/scratch/kbas/Spring2026MC/Strings_102_40m/Muon_I3Photons/muon_34088096_gen_008.i3.gz,i3.gz,I3Photons,22,22,102,782580,35571.818181818184,ok,
strings_102_40m/Muon,/scratch/kbas/Spring2026MC/Strings_102_40m/Muon_I3Photons/muon_34088096_gen_010.i3.gz,i3.gz,I3Photons,19,19,99,230795,12147.105263157895,ok,
strings_102_40m/NC,/scratch/kbas/Spring2026MC/Strings_102_40m/NC_I3Photons/nc_33996259_gen_001.i3.gz,i3.gz,I3Photons,57,57,102,725726,12732.035087719298,ok,
strings_102_40m/NC,/scratch/kbas/Spring2026MC/Strings_102_40m/NC_I3Photons/nc_33996259_gen_002.i3.gz,i3.gz,I3Photons,54,54,102,17515418,324359.5925925926,ok,
strings_102_40m/NC,/scratch/kbas/Spring2026MC/Strings_102_40m/NC_I3Photons/nc_33996259_gen_004.i3.gz,i3.gz,I3Photons,42,42,102,1420002,33809.57142857143,ok,
strings_102_40m/NC,/scratch/kbas/Spring2026MC/Strings_102_40m/NC_I3Photons/nc_33996259_gen_006.i3.gz,i3.gz,I3Photons,40,40,102,922939,23073.475,ok,
strings_102_40m/NC,/scratch/kbas/Spring2026MC/Strings_102_40m/NC_I3Photons/nc_34036014_gen_002.i3.gz,i3.gz,I3Photons,55,55,102,1880567,34192.12727272727,ok,
strings_102_40m/NC,/scratch/kbas/Spring2026MC/Strings_102_40m/NC_I3Photons/nc_34036014_gen_004.i3.gz,i3.gz,I3Photons,38,38,101,2290818,60284.68421052631,ok,
strings_102_40m/NC,/scratch/kbas/Spring2026MC/Strings_102_40m/NC_I3Photons/nc_34036014_gen_005.i3.gz,i3.gz,I3Photons,40,40,101,337775,8444.375,ok,
strings_102_40m/NC,/scratch/kbas/Spring2026MC/Strings_102_40m/NC_I3Photons/nc_34088294_gen_001.i3.gz,i3.gz,I3Photons,49,49,102,848972,17325.95918367347,ok,
strings_102_40m/NC,/scratch/kbas/Spring2026MC/Strings_102_40m/NC_I3Photons/nc_34088294_gen_002.i3.gz,i3.gz,I3Photons,55,55,102,996288,18114.327272727274,ok,
strings_102_40m/NC,/scratch/kbas/Spring2026MC/Strings_102_40m/NC_I3Photons/nc_34088294_gen_006.i3.gz,i3.gz,I3Photons,42,42,102,1111689,26468.785714285714,ok,
strings_102_40m/NC,/scratch/kbas/Spring2026MC/Strings_102_40m/NC_I3Photons/nc_34088294_gen_007.i3.gz,i3.gz,I3Photons,45,45,102,1118361,24852.466666666667,ok,
strings_102_40m/NC,/scratch/kbas/Spring2026MC/Strings_102_40m/NC_I3Photons/nc_34088294_gen_008.i3.gz,i3.gz,I3Photons,49,49,102,3208127,65471.97959183674,ok,
strings_102_40m/NC,/scratch/kbas/Spring2026MC/Strings_102_40m/NC_I3Photons/nc_34088294_gen_009.i3.gz,i3.gz,I3Photons,45,45,102,241680,5370.666666666667,ok,
strings_102_40m/NC,/scratch/kbas/Spring2026MC/Strings_102_40m/NC_I3Photons/nc_34097076_gen_005.i3.gz,i3.gz,I3Photons,38,38,102,3159610,83147.63157894737,ok,
strings_102_40m/NC,/scratch/kbas/Spring2026MC/Strings_102_40m/NC_I3Photons/nc_34097076_gen_009.i3.gz,i3.gz,I3Photons,43,43,102,5409062,125792.13953488372,ok,
strings_102_40m/NC,/scratch/kbas/Spring2026MC/Strings_102_40m/NC_I3Photons/nc_34104328_gen_001.i3.gz,i3.gz,I3Photons,49,49,102,1756686,35850.73469387755,ok,
strings_102_40m/NC,/scratch/kbas/Spring2026MC/Strings_102_40m/NC_I3Photons/nc_34104328_gen_002.i3.gz,i3.gz,I3Photons,43,43,102,627477,14592.488372093023,ok,
strings_102_40m/NC,/scratch/kbas/Spring2026MC/Strings_102_40m/NC_I3Photons/nc_34104328_gen_003.i3.gz,i3.gz,I3Photons,49,49,102,394079,8042.428571428572,ok,
strings_102_40m/NC,/scratch/kbas/Spring2026MC/Strings_102_40m/NC_I3Photons/nc_34104328_gen_007.i3.gz,i3.gz,I3Photons,47,47,102,1837033,39085.8085106383,ok,
strings_102_40m/NC,/scratch/kbas/Spring2026MC/Strings_102_40m/NC_I3Photons/nc_34109446_gen_005.i3.gz,i3.gz,I3Photons,48,48,102,14114200,294045.8333333333,ok,
strings_102_40m/NC,/scratch/kbas/Spring2026MC/Strings_102_40m/NC_I3Photons/nc_34109446_gen_006.i3.gz,i3.gz,I3Photons,45,45,102,900538,20011.955555555556,ok,
strings_102_40m/NC,/scratch/kbas/Spring2026MC/Strings_102_40m/NC_I3Photons/nc_34109446_gen_007.i3.gz,i3.gz,I3Photons,41,41,102,156318,3812.6341463414633,ok,
strings_102_40m/NC,/scratch/kbas/Spring2026MC/Strings_102_40m/NC_I3Photons/nc_34114743_gen_001.i3.gz,i3.gz,I3Photons,45,45,102,951360,21141.333333333332,ok,
strings_102_40m/NC,/scratch/kbas/Spring2026MC/Strings_102_40m/NC_I3Photons/nc_34114743_gen_002.i3.gz,i3.gz,I3Photons,45,45,102,6522210,144938.0,ok,
strings_102_40m/NC,/scratch/kbas/Spring2026MC/Strings_102_40m/NC_I3Photons/nc_34114743_gen_003.i3.gz,i3.gz,I3Photons,46,46,102,3576979,77760.41304347826,ok,
strings_102_40m/NC,/scratch/kbas/Spring2026MC/Strings_102_40m/NC_I3Photons/nc_34114743_gen_005.i3.gz,i3.gz,I3Photons,53,53,102,377582,7124.188679245283,ok,
strings_102_40m/NC,/scratch/kbas/Spring2026MC/Strings_102_40m/NC_I3Photons/nc_34114743_gen_006.i3.gz,i3.gz,I3Photons,42,42,102,3342236,79577.04761904762,ok,
strings_102_40m/NC,/scratch/kbas/Spring2026MC/Strings_102_40m/NC_I3Photons/nc_34114743_gen_008.i3.gz,i3.gz,I3Photons,44,44,102,4762585,108240.56818181818,ok,
strings_102_40m/NC,/scratch/kbas/Spring2026MC/Strings_102_40m/NC_I3Photons/nc_34114743_gen_009.i3.gz,i3.gz,I3Photons,49,49,102,1061317,21659.530612244896,ok,
strings_102_40m/NC,/scratch/kbas/Spring2026MC/Strings_102_40m/NC_I3Photons/nc_34114743_gen_010.i3.gz,i3.gz,I3Photons,38,38,102,15201791,400047.13157894736,ok,
strings_102_40m/NC,/scratch/kbas/Spring2026MC/Strings_102_40m/NC_I3Photons/nc_34143248_gen_002.i3.gz,i3.gz,I3Photons,44,44,102,979298,22256.772727272728,ok,
strings_102_40m/NC,/scratch/kbas/Spring2026MC/Strings_102_40m/NC_I3Photons/nc_34143248_gen_006.i3.gz,i3.gz,I3Photons,52,52,102,17550669,337512.8653846154,ok,
strings_102_40m/NC,/scratch/kbas/Spring2026MC/Strings_102_40m/NC_I3Photons/nc_34143248_gen_007.i3.gz,i3.gz,I3Photons,47,47,102,1368369,29114.23404255319,ok,
strings_102_40m/NC,/scratch/kbas/Spring2026MC/Strings_102_40m/NC_I3Photons/nc_34143248_gen_009.i3.gz,i3.gz,I3Photons,50,50,102,9136140,182722.8,ok,
strings_102_40m/NC,/scratch/kbas/Spring2026MC/Strings_102_40m/NC_I3Photons/nc_34143248_gen_010.i3.gz,i3.gz,I3Photons,49,49,102,1896124,38696.4081632653,ok,
strings_102_40m/NC,/scratch/kbas/Spring2026MC/Strings_102_40m/NC_I3Photons/nc_34178298_gen_001.i3.gz,i3.gz,I3Photons,44,44,102,2862199,65049.97727272727,ok,
strings_102_40m/NC,/scratch/kbas/Spring2026MC/Strings_102_40m/NC_I3Photons/nc_34178298_gen_002.i3.gz,i3.gz,I3Photons,45,45,102,3973289,88295.3111111111,ok,
strings_102_40m/NC,/scratch/kbas/Spring2026MC/Strings_102_40m/NC_I3Photons/nc_34178298_gen_004.i3.gz,i3.gz,I3Photons,44,44,102,9348197,212459.02272727274,ok,
strings_102_40m/NC,/scratch/kbas/Spring2026MC/Strings_102_40m/NC_I3Photons/nc_34178298_gen_006.i3.gz,i3.gz,I3Photons,46,46,102,4555615,99035.10869565218,ok,
strings_102_40m/NC,/scratch/kbas/Spring2026MC/Strings_102_40m/NC_I3Photons/nc_34178298_gen_007.i3.gz,i3.gz,I3Photons,47,47,102,1426557,30352.27659574468,ok,
strings_102_40m/NC,/scratch/kbas/Spring2026MC/Strings_102_40m/NC_I3Photons/nc_34178298_gen_008.i3.gz,i3.gz,I3Photons,41,41,101,686362,16740.536585365855,ok,
strings_102_40m/NC,/scratch/kbas/Spring2026MC/Strings_102_40m/NC_I3Photons/nc_34197693_gen_001.i3.gz,i3.gz,I3Photons,45,45,102,359821,7996.022222222222,ok,
strings_102_40m/NC,/scratch/kbas/Spring2026MC/Strings_102_40m/NC_I3Photons/nc_34197693_gen_005.i3.gz,i3.gz,I3Photons,45,45,102,7942541,176500.9111111111,ok,
strings_102_40m/NC,/scratch/kbas/Spring2026MC/Strings_102_40m/NC_I3Photons/nc_34197693_gen_008.i3.gz,i3.gz,I3Photons,44,44,102,2950410,67054.77272727272,ok,
strings_102_40m/NC,/scratch/kbas/Spring2026MC/Strings_102_40m/NC_I3Photons/nc_34197693_gen_009.i3.gz,i3.gz,I3Photons,46,46,102,438078,9523.434782608696,ok,
strings_102_40m/NC,/scratch/kbas/Spring2026MC/Strings_102_40m/NC_I3Photons/nc_34197693_gen_010.i3.gz,i3.gz,I3Photons,40,40,102,1228210,30705.25,ok,
strings_102_40m/Tau,/scratch/kbas/Spring2026MC/Strings_102_40m/Tau_I3Photons/tau_33996158_gen_001.i3.gz,i3.gz,I3Photons,55,55,102,9383007,170600.12727272726,ok,
strings_102_40m/Tau,/scratch/kbas/Spring2026MC/Strings_102_40m/Tau_I3Photons/tau_33996158_gen_002.i3.gz,i3.gz,I3Photons,53,53,102,2049918,38677.698113207545,ok,
strings_102_40m/Tau,/scratch/kbas/Spring2026MC/Strings_102_40m/Tau_I3Photons/tau_33996158_gen_009.i3.gz,i3.gz,I3Photons,48,48,102,20979825,437079.6875,ok,
strings_102_40m/Tau,/scratch/kbas/Spring2026MC/Strings_102_40m/Tau_I3Photons/tau_34040426_gen_002.i3.gz,i3.gz,I3Photons,52,52,102,1877667,36108.980769230766,ok,
strings_102_40m/Tau,/scratch/kbas/Spring2026MC/Strings_102_40m/Tau_I3Photons/tau_34040426_gen_003.i3.gz,i3.gz,I3Photons,51,51,102,24879908,487841.3333333333,ok,
strings_102_40m/Tau,/scratch/kbas/Spring2026MC/Strings_102_40m/Tau_I3Photons/tau_34040426_gen_006.i3.gz,i3.gz,I3Photons,69,69,102,57276370,830092.3188405797,ok,
strings_102_40m/Tau,/scratch/kbas/Spring2026MC/Strings_102_40m/Tau_I3Photons/tau_34040426_gen_007.i3.gz,i3.gz,I3Photons,48,48,102,2174127,45294.3125,ok,
strings_102_40m/Tau,/scratch/kbas/Spring2026MC/Strings_102_40m/Tau_I3Photons/tau_34040426_gen_008.i3.gz,i3.gz,I3Photons,59,59,102,6620549,112212.69491525424,ok,
strings_102_40m/Tau,/scratch/kbas/Spring2026MC/Strings_102_40m/Tau_I3Photons/tau_34040426_gen_010.i3.gz,i3.gz,I3Photons,52,52,102,1211931,23306.365384615383,ok,
strings_102_40m/Tau,/scratch/kbas/Spring2026MC/Strings_102_40m/Tau_I3Photons/tau_34114930_gen_002.i3.gz,i3.gz,I3Photons,43,43,102,1903090,44257.90697674418,ok,
strings_102_40m/Tau,/scratch/kbas/Spring2026MC/Strings_102_40m/Tau_I3Photons/tau_34114930_gen_004.i3.gz,i3.gz,I3Photons,40,40,102,846084,21152.1,ok,
strings_102_40m/Tau,/scratch/kbas/Spring2026MC/Strings_102_40m/Tau_I3Photons/tau_34114930_gen_008.i3.gz,i3.gz,I3Photons,58,58,102,15816583,272699.7068965517,ok,
strings_102_40m/Tau,/scratch/kbas/Spring2026MC/Strings_102_40m/Tau_I3Photons/tau_34114930_gen_009.i3.gz,i3.gz,I3Photons,48,48,102,961966,20040.958333333332,ok,
strings_102_40m/Tau,/scratch/kbas/Spring2026MC/Strings_102_40m/Tau_I3Photons/tau_34241564_gen_002.i3.gz,i3.gz,I3Photons,65,65,102,657857,10120.876923076923,ok,
strings_102_40m/Tau,/scratch/kbas/Spring2026MC/Strings_102_40m/Tau_I3Photons/tau_34241564_gen_003.i3.gz,i3.gz,I3Photons,60,60,102,2419917,40331.95,ok,
strings_102_40m/Tau,/scratch/kbas/Spring2026MC/Strings_102_40m/Tau_I3Photons/tau_34254579_gen_003.i3.gz,i3.gz,I3Photons,56,56,102,1094530,19545.178571428572,ok,
strings_102_40m/Tau,/scratch/kbas/Spring2026MC/Strings_102_40m/Tau_I3Photons/tau_34254579_gen_010.i3.gz,i3.gz,I3Photons,48,48,102,18843679,392576.6458333333,ok,
strings_102_40m/Tau,/scratch/kbas/Spring2026MC/Strings_102_40m/Tau_I3Photons/tau_34257332_gen_002.i3.gz,i3.gz,I3Photons,42,42,102,2230493,53106.97619047619,ok,
strings_102_40m/Tau,/scratch/kbas/Spring2026MC/Strings_102_40m/Tau_I3Photons/tau_34257332_gen_003.i3.gz,i3.gz,I3Photons,50,50,102,9797502,195950.04,ok,
strings_102_40m/Tau,/scratch/kbas/Spring2026MC/Strings_102_40m/Tau_I3Photons/tau_34257332_gen_005.i3.gz,i3.gz,I3Photons,61,61,102,993263,16283.0,ok,
strings_102_40m/Tau,/scratch/kbas/Spring2026MC/Strings_102_40m/Tau_I3Photons/tau_34257332_gen_007.i3.gz,i3.gz,I3Photons,42,42,102,2557444,60891.52380952381,ok,
strings_102_40m/Tau,/scratch/kbas/Spring2026MC/Strings_102_40m/Tau_I3Photons/tau_34257332_gen_008.i3.gz,i3.gz,I3Photons,42,42,102,1991501,47416.69047619047,ok,
strings_102_40m/Tau,/scratch/kbas/Spring2026MC/Strings_102_40m/Tau_I3Photons/tau_34266034_gen_010.i3.gz,i3.gz,I3Photons,57,57,102,24610079,431755.77192982455,ok,
strings_102_40m/Tau,/scratch/kbas/Spring2026MC/Strings_102_40m/Tau_I3Photons/tau_34276485_gen_002.i3.gz,i3.gz,I3Photons,44,44,102,7218329,164052.93181818182,ok,
strings_102_40m/Tau,/scratch/kbas/Spring2026MC/Strings_102_40m/Tau_I3Photons/tau_34285504_gen_008.i3.gz,i3.gz,I3Photons,46,46,102,10172070,221131.95652173914,ok,
strings_102_40m/Tau,/scratch/kbas/Spring2026MC/Strings_102_40m/Tau_I3Photons/tau_34285504_gen_010.i3.gz,i3.gz,I3Photons,65,65,102,13907411,213960.16923076924,ok,
strings_102_40m/Tau,/scratch/kbas/Spring2026MC/Strings_102_40m/Tau_I3Photons/tau_34291127_gen_006.i3.gz,i3.gz,I3Photons,52,52,102,1896299,36467.28846153846,ok,
strings_102_40m/Tau,/scratch/kbas/Spring2026MC/Strings_102_40m/Tau_I3Photons/tau_34291127_gen_008.i3.gz,i3.gz,I3Photons,49,49,102,12698119,259145.2857142857,ok,
strings_102_80m/Electron,/scratch/kbas/Spring2026MC/Strings_102_80m/Electron_I3Photons/electron_33996141_gen_008.i3.gz,i3.gz,I3Photons,119,119,102,7437289,62498.226890756305,ok,
strings_102_80m/Electron,/scratch/kbas/Spring2026MC/Strings_102_80m/Electron_I3Photons/electron_33996141_gen_010.i3.gz,i3.gz,I3Photons,129,129,102,5108491,39600.70542635659,ok,
strings_102_80m/Electron,/scratch/kbas/Spring2026MC/Strings_102_80m/Electron_I3Photons/electron_34052919_gen_008.i3.gz,i3.gz,I3Photons,115,115,102,4088585,35552.913043478264,ok,
strings_102_80m/Electron,/scratch/kbas/Spring2026MC/Strings_102_80m/Electron_I3Photons/electron_34094642_gen_001.i3.gz,i3.gz,I3Photons,113,113,102,10496726,92891.38053097345,ok,
strings_102_80m/Electron,/scratch/kbas/Spring2026MC/Strings_102_80m/Electron_I3Photons/electron_34094642_gen_003.i3.gz,i3.gz,I3Photons,128,128,102,6137972,47952.90625,ok,
strings_102_80m/Electron,/scratch/kbas/Spring2026MC/Strings_102_80m/Electron_I3Photons/electron_34094642_gen_008.i3.gz,i3.gz,I3Photons,111,111,102,2409189,21704.405405405407,ok,
strings_102_80m/Electron,/scratch/kbas/Spring2026MC/Strings_102_80m/Electron_I3Photons/electron_34217559_gen_001.i3.gz,i3.gz,I3Photons,125,125,102,6858962,54871.696,ok,
strings_102_80m/Electron,/scratch/kbas/Spring2026MC/Strings_102_80m/Electron_I3Photons/electron_34217559_gen_010.i3.gz,i3.gz,I3Photons,105,105,102,5148546,49033.77142857143,ok,
strings_102_80m/Electron,/scratch/kbas/Spring2026MC/Strings_102_80m/Electron_I3Photons/electron_34225816_gen_005.i3.gz,i3.gz,I3Photons,118,118,102,15164021,128508.65254237287,ok,
strings_102_80m/Electron,/scratch/kbas/Spring2026MC/Strings_102_80m/Electron_I3Photons/electron_34233761_gen_005.i3.gz,i3.gz,I3Photons,125,125,102,2371691,18973.528,ok,
strings_102_80m/Electron,/scratch/kbas/Spring2026MC/Strings_102_80m/Electron_I3Photons/electron_34233761_gen_006.i3.gz,i3.gz,I3Photons,123,123,102,3573406,29052.08130081301,ok,
strings_102_80m/Electron,/scratch/kbas/Spring2026MC/Strings_102_80m/Electron_I3Photons/electron_34240101_gen_001.i3.gz,i3.gz,I3Photons,117,117,102,21640509,184961.61538461538,ok,
strings_102_80m/Electron,/scratch/kbas/Spring2026MC/Strings_102_80m/Electron_I3Photons/electron_34240101_gen_006.i3.gz,i3.gz,I3Photons,121,121,102,1112059,9190.570247933885,ok,
strings_102_80m/Electron,/scratch/kbas/Spring2026MC/Strings_102_80m/Electron_I3Photons/electron_34250277_gen_007.i3.gz,i3.gz,I3Photons,119,119,102,1195905,10049.621848739496,ok,
strings_102_80m/Electron,/scratch/kbas/Spring2026MC/Strings_102_80m/Electron_I3Photons/electron_34254077_gen_003.i3.gz,i3.gz,I3Photons,120,120,102,4486747,37389.558333333334,ok,
strings_102_80m/Electron,/scratch/kbas/Spring2026MC/Strings_102_80m/Electron_I3Photons/electron_34254077_gen_004.i3.gz,i3.gz,I3Photons,120,120,102,4823023,40191.85833333333,ok,
strings_102_80m/Electron,/scratch/kbas/Spring2026MC/Strings_102_80m/Electron_I3Photons/electron_34254077_gen_006.i3.gz,i3.gz,I3Photons,132,132,102,1869328,14161.575757575758,ok,
strings_102_80m/Electron,/scratch/kbas/Spring2026MC/Strings_102_80m/Electron_I3Photons/electron_34266348_gen_001.i3.gz,i3.gz,I3Photons,117,117,102,4584648,39185.02564102564,ok,
strings_102_80m/Electron,/scratch/kbas/Spring2026MC/Strings_102_80m/Electron_I3Photons/electron_34266348_gen_002.i3.gz,i3.gz,I3Photons,118,118,102,3341128,28314.64406779661,ok,
strings_102_80m/Electron,/scratch/kbas/Spring2026MC/Strings_102_80m/Electron_I3Photons/electron_34266348_gen_006.i3.gz,i3.gz,I3Photons,114,114,102,17828373,156389.23684210525,ok,
strings_102_80m/Electron,/scratch/kbas/Spring2026MC/Strings_102_80m/Electron_I3Photons/electron_34266348_gen_008.i3.gz,i3.gz,I3Photons,120,120,102,2288698,19072.483333333334,ok,
strings_102_80m/Muon,/scratch/kbas/Spring2026MC/Strings_102_80m/Muon_I3Photons/muon_33939527_gen_001.i3.gz,i3.gz,I3Photons,58,58,101,4799202,82744.86206896552,ok,
strings_102_80m/Muon,/scratch/kbas/Spring2026MC/Strings_102_80m/Muon_I3Photons/muon_33939527_gen_002.i3.gz,i3.gz,I3Photons,53,53,102,1988722,37523.056603773584,ok,
strings_102_80m/Muon,/scratch/kbas/Spring2026MC/Strings_102_80m/Muon_I3Photons/muon_33939527_gen_003.i3.gz,i3.gz,I3Photons,42,42,102,383304,9126.285714285714,ok,
strings_102_80m/Muon,/scratch/kbas/Spring2026MC/Strings_102_80m/Muon_I3Photons/muon_33939527_gen_004.i3.gz,i3.gz,I3Photons,33,33,101,583388,17678.424242424244,ok,
strings_102_80m/Muon,/scratch/kbas/Spring2026MC/Strings_102_80m/Muon_I3Photons/muon_33939527_gen_005.i3.gz,i3.gz,I3Photons,45,45,101,221658,4925.733333333334,ok,
strings_102_80m/Muon,/scratch/kbas/Spring2026MC/Strings_102_80m/Muon_I3Photons/muon_33939527_gen_006.i3.gz,i3.gz,I3Photons,40,40,102,108042,2701.05,ok,
strings_102_80m/Muon,/scratch/kbas/Spring2026MC/Strings_102_80m/Muon_I3Photons/muon_33939527_gen_008.i3.gz,i3.gz,I3Photons,49,49,102,185837,3792.591836734694,ok,
strings_102_80m/Muon,/scratch/kbas/Spring2026MC/Strings_102_80m/Muon_I3Photons/muon_33939527_gen_009.i3.gz,i3.gz,I3Photons,43,43,97,138988,3232.279069767442,ok,
strings_102_80m/Muon,/scratch/kbas/Spring2026MC/Strings_102_80m/Muon_I3Photons/muon_33939527_gen_010.i3.gz,i3.gz,I3Photons,47,47,102,552420,11753.617021276596,ok,
strings_102_80m/Muon,/scratch/kbas/Spring2026MC/Strings_102_80m/Muon_I3Photons/muon_33945032_gen_001.i3.gz,i3.gz,I3Photons,37,37,96,550977,14891.27027027027,ok,
strings_102_80m/Muon,/scratch/kbas/Spring2026MC/Strings_102_80m/Muon_I3Photons/muon_33945032_gen_002.i3.gz,i3.gz,I3Photons,38,38,100,357532,9408.736842105263,ok,
strings_102_80m/Muon,/scratch/kbas/Spring2026MC/Strings_102_80m/Muon_I3Photons/muon_33945032_gen_004.i3.gz,i3.gz,I3Photons,46,46,102,394353,8572.891304347826,ok,
strings_102_80m/Muon,/scratch/kbas/Spring2026MC/Strings_102_80m/Muon_I3Photons/muon_33945032_gen_005.i3.gz,i3.gz,I3Photons,34,34,101,143936,4233.411764705882,ok,
strings_102_80m/Muon,/scratch/kbas/Spring2026MC/Strings_102_80m/Muon_I3Photons/muon_33945032_gen_006.i3.gz,i3.gz,I3Photons,57,57,102,752650,13204.38596491228,ok,
strings_102_80m/Muon,/scratch/kbas/Spring2026MC/Strings_102_80m/Muon_I3Photons/muon_33945032_gen_007.i3.gz,i3.gz,I3Photons,54,54,102,640147,11854.574074074075,ok,
strings_102_80m/Muon,/scratch/kbas/Spring2026MC/Strings_102_80m/Muon_I3Photons/muon_33945032_gen_008.i3.gz,i3.gz,I3Photons,45,45,98,1213377,26963.933333333334,ok,
strings_102_80m/Muon,/scratch/kbas/Spring2026MC/Strings_102_80m/Muon_I3Photons/muon_33945032_gen_009.i3.gz,i3.gz,I3Photons,42,42,101,1129425,26891.071428571428,ok,
strings_102_80m/Muon,/scratch/kbas/Spring2026MC/Strings_102_80m/Muon_I3Photons/muon_33945032_gen_010.i3.gz,i3.gz,I3Photons,41,41,101,269747,6579.195121951219,ok,
strings_102_80m/Muon,/scratch/kbas/Spring2026MC/Strings_102_80m/Muon_I3Photons/muon_33947860_gen_001.i3.gz,i3.gz,I3Photons,55,55,100,724674,13175.89090909091,ok,
strings_102_80m/Muon,/scratch/kbas/Spring2026MC/Strings_102_80m/Muon_I3Photons/muon_33947860_gen_002.i3.gz,i3.gz,I3Photons,39,39,102,10891972,279281.3333333333,ok,
strings_102_80m/Muon,/scratch/kbas/Spring2026MC/Strings_102_80m/Muon_I3Photons/muon_33947860_gen_003.i3.gz,i3.gz,I3Photons,52,52,102,355956,6845.307692307692,ok,
strings_102_80m/Muon,/scratch/kbas/Spring2026MC/Strings_102_80m/Muon_I3Photons/muon_33947860_gen_006.i3.gz,i3.gz,I3Photons,43,43,95,288334,6705.441860465116,ok,
strings_102_80m/Muon,/scratch/kbas/Spring2026MC/Strings_102_80m/Muon_I3Photons/muon_33947860_gen_007.i3.gz,i3.gz,I3Photons,49,49,99,512426,10457.673469387755,ok,
strings_102_80m/Muon,/scratch/kbas/Spring2026MC/Strings_102_80m/Muon_I3Photons/muon_33947860_gen_008.i3.gz,i3.gz,I3Photons,36,36,101,496136,13781.555555555555,ok,
strings_102_80m/Muon,/scratch/kbas/Spring2026MC/Strings_102_80m/Muon_I3Photons/muon_33947860_gen_009.i3.gz,i3.gz,I3Photons,53,53,101,300519,5670.169811320755,ok,
strings_102_80m/Muon,/scratch/kbas/Spring2026MC/Strings_102_80m/Muon_I3Photons/muon_33947860_gen_010.i3.gz,i3.gz,I3Photons,47,47,100,3309378,70412.29787234042,ok,
strings_102_80m/Muon,/scratch/kbas/Spring2026MC/Strings_102_80m/Muon_I3Photons/muon_33954438_gen_001.i3.gz,i3.gz,I3Photons,48,48,101,183394,3820.7083333333335,ok,
strings_102_80m/Muon,/scratch/kbas/Spring2026MC/Strings_102_80m/Muon_I3Photons/muon_33954438_gen_002.i3.gz,i3.gz,I3Photons,55,55,102,256841,4669.836363636364,ok,
strings_102_80m/Muon,/scratch/kbas/Spring2026MC/Strings_102_80m/Muon_I3Photons/muon_33954438_gen_003.i3.gz,i3.gz,I3Photons,40,40,102,1751389,43784.725,ok,
strings_102_80m/Muon,/scratch/kbas/Spring2026MC/Strings_102_80m/Muon_I3Photons/muon_33954438_gen_004.i3.gz,i3.gz,I3Photons,48,48,101,256265,5338.854166666667,ok,
strings_102_80m/Muon,/scratch/kbas/Spring2026MC/Strings_102_80m/Muon_I3Photons/muon_33954438_gen_005.i3.gz,i3.gz,I3Photons,52,52,99,471472,9066.76923076923,ok,
strings_102_80m/Muon,/scratch/kbas/Spring2026MC/Strings_102_80m/Muon_I3Photons/muon_33954438_gen_007.i3.gz,i3.gz,I3Photons,41,41,99,2158937,52657.0,ok,
strings_102_80m/Muon,/scratch/kbas/Spring2026MC/Strings_102_80m/Muon_I3Photons/muon_33954438_gen_008.i3.gz,i3.gz,I3Photons,55,55,101,204750,3722.7272727272725,ok,
strings_102_80m/Muon,/scratch/kbas/Spring2026MC/Strings_102_80m/Muon_I3Photons/muon_33954438_gen_009.i3.gz,i3.gz,I3Photons,48,48,102,938757,19557.4375,ok,
strings_102_80m/Muon,/scratch/kbas/Spring2026MC/Strings_102_80m/Muon_I3Photons/muon_33954438_gen_010.i3.gz,i3.gz,I3Photons,37,37,94,160472,4337.081081081081,ok,
strings_102_80m/Muon,/scratch/kbas/Spring2026MC/Strings_102_80m/Muon_I3Photons/muon_33963272_gen_001.i3.gz,i3.gz,I3Photons,41,41,102,4488188,109468.0,ok,
strings_102_80m/Muon,/scratch/kbas/Spring2026MC/Strings_102_80m/Muon_I3Photons/muon_33963272_gen_002.i3.gz,i3.gz,I3Photons,50,50,101,86389,1727.78,ok,
strings_102_80m/Muon,/scratch/kbas/Spring2026MC/Strings_102_80m/Muon_I3Photons/muon_33963272_gen_003.i3.gz,i3.gz,I3Photons,44,44,100,209032,4750.727272727273,ok,
strings_102_80m/Muon,/scratch/kbas/Spring2026MC/Strings_102_80m/Muon_I3Photons/muon_33963272_gen_004.i3.gz,i3.gz,I3Photons,57,57,102,544625,9554.82456140351,ok,
strings_102_80m/Muon,/scratch/kbas/Spring2026MC/Strings_102_80m/Muon_I3Photons/muon_33963272_gen_005.i3.gz,i3.gz,I3Photons,43,43,102,431830,10042.558139534884,ok,
strings_102_80m/Muon,/scratch/kbas/Spring2026MC/Strings_102_80m/Muon_I3Photons/muon_33963272_gen_006.i3.gz,i3.gz,I3Photons,37,37,101,8602957,232512.35135135136,ok,
strings_102_80m/Muon,/scratch/kbas/Spring2026MC/Strings_102_80m/Muon_I3Photons/muon_33963272_gen_007.i3.gz,i3.gz,I3Photons,39,39,100,2052801,52635.92307692308,ok,
strings_102_80m/Muon,/scratch/kbas/Spring2026MC/Strings_102_80m/Muon_I3Photons/muon_33963272_gen_008.i3.gz,i3.gz,I3Photons,41,41,102,187609,4575.829268292683,ok,
strings_102_80m/Muon,/scratch/kbas/Spring2026MC/Strings_102_80m/Muon_I3Photons/muon_33963272_gen_009.i3.gz,i3.gz,I3Photons,41,41,102,491320,11983.414634146342,ok,
strings_102_80m/Muon,/scratch/kbas/Spring2026MC/Strings_102_80m/Muon_I3Photons/muon_33974439_gen_001.i3.gz,i3.gz,I3Photons,37,37,95,86321,2333.0,ok,
strings_102_80m/Muon,/scratch/kbas/Spring2026MC/Strings_102_80m/Muon_I3Photons/muon_33974439_gen_002.i3.gz,i3.gz,I3Photons,55,55,100,283711,5158.381818181818,ok,
strings_102_80m/Muon,/scratch/kbas/Spring2026MC/Strings_102_80m/Muon_I3Photons/muon_33974439_gen_003.i3.gz,i3.gz,I3Photons,31,31,99,1266453,40853.32258064516,ok,
strings_102_80m/Muon,/scratch/kbas/Spring2026MC/Strings_102_80m/Muon_I3Photons/muon_33974439_gen_004.i3.gz,i3.gz,I3Photons,47,47,100,552993,11765.808510638299,ok,
strings_102_80m/Muon,/scratch/kbas/Spring2026MC/Strings_102_80m/Muon_I3Photons/muon_33974439_gen_005.i3.gz,i3.gz,I3Photons,40,40,101,215520,5388.0,ok,
strings_102_80m/Muon,/scratch/kbas/Spring2026MC/Strings_102_80m/Muon_I3Photons/muon_33974439_gen_007.i3.gz,i3.gz,I3Photons,43,43,100,794775,18483.13953488372,ok,
strings_102_80m/Muon,/scratch/kbas/Spring2026MC/Strings_102_80m/Muon_I3Photons/muon_33974439_gen_008.i3.gz,i3.gz,I3Photons,50,50,102,267701,5354.02,ok,
strings_102_80m/Muon,/scratch/kbas/Spring2026MC/Strings_102_80m/Muon_I3Photons/muon_33974439_gen_009.i3.gz,i3.gz,I3Photons,42,42,102,1001880,23854.285714285714,ok,
strings_102_80m/Muon,/scratch/kbas/Spring2026MC/Strings_102_80m/Muon_I3Photons/muon_33974439_gen_010.i3.gz,i3.gz,I3Photons,44,44,101,296949,6748.840909090909,ok,
strings_102_80m/Muon,/scratch/kbas/Spring2026MC/Strings_102_80m/Muon_I3Photons/muon_33993059_gen_001.i3.gz,i3.gz,I3Photons,45,45,91,2640571,58679.35555555556,ok,
strings_102_80m/Muon,/scratch/kbas/Spring2026MC/Strings_102_80m/Muon_I3Photons/muon_33993059_gen_002.i3.gz,i3.gz,I3Photons,53,53,101,1192518,22500.33962264151,ok,
strings_102_80m/Muon,/scratch/kbas/Spring2026MC/Strings_102_80m/Muon_I3Photons/muon_33993059_gen_003.i3.gz,i3.gz,I3Photons,45,45,97,190461,4232.466666666666,ok,
strings_102_80m/Muon,/scratch/kbas/Spring2026MC/Strings_102_80m/Muon_I3Photons/muon_33993059_gen_004.i3.gz,i3.gz,I3Photons,47,47,102,283352,6028.765957446809,ok,
strings_102_80m/Muon,/scratch/kbas/Spring2026MC/Strings_102_80m/Muon_I3Photons/muon_33993059_gen_005.i3.gz,i3.gz,I3Photons,41,41,92,183102,4465.90243902439,ok,
strings_102_80m/Muon,/scratch/kbas/Spring2026MC/Strings_102_80m/Muon_I3Photons/muon_33993059_gen_006.i3.gz,i3.gz,I3Photons,49,49,102,303406,6191.959183673469,ok,
strings_102_80m/Muon,/scratch/kbas/Spring2026MC/Strings_102_80m/Muon_I3Photons/muon_33993059_gen_007.i3.gz,i3.gz,I3Photons,51,51,102,1840449,36087.23529411765,ok,
strings_102_80m/Muon,/scratch/kbas/Spring2026MC/Strings_102_80m/Muon_I3Photons/muon_33993059_gen_008.i3.gz,i3.gz,I3Photons,38,38,102,389155,10240.921052631578,ok,
strings_102_80m/Muon,/scratch/kbas/Spring2026MC/Strings_102_80m/Muon_I3Photons/muon_33993059_gen_009.i3.gz,i3.gz,I3Photons,49,49,102,758543,15480.469387755102,ok,
strings_102_80m/Muon,/scratch/kbas/Spring2026MC/Strings_102_80m/Muon_I3Photons/muon_33993059_gen_010.i3.gz,i3.gz,I3Photons,40,40,99,313831,7845.775,ok,
strings_102_80m/Muon,/scratch/kbas/Spring2026MC/Strings_102_80m/Muon_I3Photons/muon_34019182_gen_001.i3.gz,i3.gz,I3Photons,41,41,102,2354580,57428.78048780488,ok,
strings_102_80m/Muon,/scratch/kbas/Spring2026MC/Strings_102_80m/Muon_I3Photons/muon_34019182_gen_003.i3.gz,i3.gz,I3Photons,50,50,102,383139,7662.78,ok,
strings_102_80m/Muon,/scratch/kbas/Spring2026MC/Strings_102_80m/Muon_I3Photons/muon_34019182_gen_004.i3.gz,i3.gz,I3Photons,33,33,92,135841,4116.393939393939,ok,
strings_102_80m/Muon,/scratch/kbas/Spring2026MC/Strings_102_80m/Muon_I3Photons/muon_34019182_gen_005.i3.gz,i3.gz,I3Photons,48,48,102,374646,7805.125,ok,
strings_102_80m/Muon,/scratch/kbas/Spring2026MC/Strings_102_80m/Muon_I3Photons/muon_34019182_gen_007.i3.gz,i3.gz,I3Photons,34,34,95,404054,11883.941176470587,ok,
strings_102_80m/Muon,/scratch/kbas/Spring2026MC/Strings_102_80m/Muon_I3Photons/muon_34019182_gen_008.i3.gz,i3.gz,I3Photons,44,44,100,515883,11724.613636363636,ok,
strings_102_80m/Muon,/scratch/kbas/Spring2026MC/Strings_102_80m/Muon_I3Photons/muon_34019182_gen_009.i3.gz,i3.gz,I3Photons,51,51,101,232815,4565.0,ok,
strings_102_80m/Muon,/scratch/kbas/Spring2026MC/Strings_102_80m/Muon_I3Photons/muon_34019182_gen_010.i3.gz,i3.gz,I3Photons,38,38,102,691256,18190.947368421053,ok,
strings_102_80m/Muon,/scratch/kbas/Spring2026MC/Strings_102_80m/Muon_I3Photons/muon_34049184_gen_001.i3.gz,i3.gz,I3Photons,50,50,102,156463,3129.26,ok,
strings_102_80m/Muon,/scratch/kbas/Spring2026MC/Strings_102_80m/Muon_I3Photons/muon_34049184_gen_002.i3.gz,i3.gz,I3Photons,43,43,102,2155425,50126.16279069767,ok,
strings_102_80m/Muon,/scratch/kbas/Spring2026MC/Strings_102_80m/Muon_I3Photons/muon_34049184_gen_004.i3.gz,i3.gz,I3Photons,40,40,102,974495,24362.375,ok,
strings_102_80m/Muon,/scratch/kbas/Spring2026MC/Strings_102_80m/Muon_I3Photons/muon_34049184_gen_005.i3.gz,i3.gz,I3Photons,27,27,91,233451,8646.333333333334,ok,
strings_102_80m/Muon,/scratch/kbas/Spring2026MC/Strings_102_80m/Muon_I3Photons/muon_34049184_gen_006.i3.gz,i3.gz,I3Photons,47,47,101,1051188,22365.702127659573,ok,
strings_102_80m/Muon,/scratch/kbas/Spring2026MC/Strings_102_80m/Muon_I3Photons/muon_34049184_gen_007.i3.gz,i3.gz,I3Photons,42,42,93,1885789,44899.73809523809,ok,
strings_102_80m/Muon,/scratch/kbas/Spring2026MC/Strings_102_80m/Muon_I3Photons/muon_34049184_gen_008.i3.gz,i3.gz,I3Photons,44,44,102,647339,14712.25,ok,
strings_102_80m/Muon,/scratch/kbas/Spring2026MC/Strings_102_80m/Muon_I3Photons/muon_34049184_gen_009.i3.gz,i3.gz,I3Photons,49,49,102,265514,5418.65306122449,ok,
strings_102_80m/Muon,/scratch/kbas/Spring2026MC/Strings_102_80m/Muon_I3Photons/muon_34049184_gen_010.i3.gz,i3.gz,I3Photons,37,37,102,2587236,69925.2972972973,ok,
strings_102_80m/Muon,/scratch/kbas/Spring2026MC/Strings_102_80m/Muon_I3Photons/muon_34088096_gen_001.i3.gz,i3.gz,I3Photons,33,33,97,121905,3694.090909090909,ok,
strings_102_80m/Muon,/scratch/kbas/Spring2026MC/Strings_102_80m/Muon_I3Photons/muon_34088096_gen_002.i3.gz,i3.gz,I3Photons,48,48,102,165189,3441.4375,ok,
strings_102_80m/Muon,/scratch/kbas/Spring2026MC/Strings_102_80m/Muon_I3Photons/muon_34088096_gen_003.i3.gz,i3.gz,I3Photons,56,56,102,450085,8037.232142857143,ok,
strings_102_80m/Muon,/scratch/kbas/Spring2026MC/Strings_102_80m/Muon_I3Photons/muon_34088096_gen_005.i3.gz,i3.gz,I3Photons,43,43,97,933865,21717.79069767442,ok,
strings_102_80m/Muon,/scratch/kbas/Spring2026MC/Strings_102_80m/Muon_I3Photons/muon_34088096_gen_006.i3.gz,i3.gz,I3Photons,44,44,102,356241,8096.386363636364,ok,
strings_102_80m/Muon,/scratch/kbas/Spring2026MC/Strings_102_80m/Muon_I3Photons/muon_34088096_gen_007.i3.gz,i3.gz,I3Photons,53,53,102,677852,12789.66037735849,ok,
strings_102_80m/Muon,/scratch/kbas/Spring2026MC/Strings_102_80m/Muon_I3Photons/muon_34088096_gen_008.i3.gz,i3.gz,I3Photons,45,45,100,619583,13768.511111111111,ok,
strings_102_80m/Muon,/scratch/kbas/Spring2026MC/Strings_102_80m/Muon_I3Photons/muon_34088096_gen_010.i3.gz,i3.gz,I3Photons,46,46,98,254185,5525.760869565217,ok,
strings_102_80m/NC,/scratch/kbas/Spring2026MC/Strings_102_80m/NC_I3Photons/nc_33996259_gen_001.i3.gz,i3.gz,I3Photons,111,111,102,8068173,72686.24324324324,ok,
strings_102_80m/NC,/scratch/kbas/Spring2026MC/Strings_102_80m/NC_I3Photons/nc_33996259_gen_002.i3.gz,i3.gz,I3Photons,116,116,102,2019491,17409.405172413793,ok,
strings_102_80m/NC,/scratch/kbas/Spring2026MC/Strings_102_80m/NC_I3Photons/nc_33996259_gen_004.i3.gz,i3.gz,I3Photons,114,114,102,295385,2591.09649122807,ok,
strings_102_80m/NC,/scratch/kbas/Spring2026MC/Strings_102_80m/NC_I3Photons/nc_33996259_gen_006.i3.gz,i3.gz,I3Photons,101,101,102,1167074,11555.18811881188,ok,
strings_102_80m/NC,/scratch/kbas/Spring2026MC/Strings_102_80m/NC_I3Photons/nc_34036014_gen_002.i3.gz,i3.gz,I3Photons,114,114,102,1027953,9017.131578947368,ok,
strings_102_80m/NC,/scratch/kbas/Spring2026MC/Strings_102_80m/NC_I3Photons/nc_34036014_gen_004.i3.gz,i3.gz,I3Photons,96,96,102,6123169,63783.010416666664,ok,
strings_102_80m/NC,/scratch/kbas/Spring2026MC/Strings_102_80m/NC_I3Photons/nc_34036014_gen_005.i3.gz,i3.gz,I3Photons,93,93,101,191679,2061.064516129032,ok,
strings_102_80m/NC,/scratch/kbas/Spring2026MC/Strings_102_80m/NC_I3Photons/nc_34088294_gen_001.i3.gz,i3.gz,I3Photons,109,109,102,2892118,26533.19266055046,ok,
strings_102_80m/NC,/scratch/kbas/Spring2026MC/Strings_102_80m/NC_I3Photons/nc_34088294_gen_002.i3.gz,i3.gz,I3Photons,111,111,102,5068212,45659.56756756757,ok,
strings_102_80m/NC,/scratch/kbas/Spring2026MC/Strings_102_80m/NC_I3Photons/nc_34088294_gen_006.i3.gz,i3.gz,I3Photons,105,105,102,11891559,113252.94285714286,ok,
strings_102_80m/NC,/scratch/kbas/Spring2026MC/Strings_102_80m/NC_I3Photons/nc_34088294_gen_007.i3.gz,i3.gz,I3Photons,96,96,102,2136941,22259.802083333332,ok,
strings_102_80m/NC,/scratch/kbas/Spring2026MC/Strings_102_80m/NC_I3Photons/nc_34088294_gen_008.i3.gz,i3.gz,I3Photons,100,100,102,6419067,64190.67,ok,
strings_102_80m/NC,/scratch/kbas/Spring2026MC/Strings_102_80m/NC_I3Photons/nc_34088294_gen_009.i3.gz,i3.gz,I3Photons,107,107,102,3370041,31495.71028037383,ok,
strings_102_80m/NC,/scratch/kbas/Spring2026MC/Strings_102_80m/NC_I3Photons/nc_34097076_gen_005.i3.gz,i3.gz,I3Photons,98,98,102,3515261,35870.010204081635,ok,
strings_102_80m/NC,/scratch/kbas/Spring2026MC/Strings_102_80m/NC_I3Photons/nc_34097076_gen_009.i3.gz,i3.gz,I3Photons,116,116,102,5737428,49460.58620689655,ok,
strings_102_80m/NC,/scratch/kbas/Spring2026MC/Strings_102_80m/NC_I3Photons/nc_34104328_gen_001.i3.gz,i3.gz,I3Photons,110,110,102,4231691,38469.91818181818,ok,
strings_102_80m/NC,/scratch/kbas/Spring2026MC/Strings_102_80m/NC_I3Photons/nc_34104328_gen_002.i3.gz,i3.gz,I3Photons,105,105,102,938726,8940.247619047619,ok,
strings_102_80m/NC,/scratch/kbas/Spring2026MC/Strings_102_80m/NC_I3Photons/nc_34104328_gen_003.i3.gz,i3.gz,I3Photons,103,103,102,5486542,53267.398058252424,ok,
strings_102_80m/NC,/scratch/kbas/Spring2026MC/Strings_102_80m/NC_I3Photons/nc_34104328_gen_007.i3.gz,i3.gz,I3Photons,103,103,102,2760851,26804.3786407767,ok,
strings_102_80m/NC,/scratch/kbas/Spring2026MC/Strings_102_80m/NC_I3Photons/nc_34109446_gen_005.i3.gz,i3.gz,I3Photons,112,112,101,5397872,48195.28571428572,ok,
strings_102_80m/NC,/scratch/kbas/Spring2026MC/Strings_102_80m/NC_I3Photons/nc_34109446_gen_006.i3.gz,i3.gz,I3Photons,108,108,102,1325315,12271.435185185184,ok,
strings_102_80m/NC,/scratch/kbas/Spring2026MC/Strings_102_80m/NC_I3Photons/nc_34109446_gen_007.i3.gz,i3.gz,I3Photons,108,108,102,620607,5746.361111111111,ok,
strings_102_80m/NC,/scratch/kbas/Spring2026MC/Strings_102_80m/NC_I3Photons/nc_34114743_gen_001.i3.gz,i3.gz,I3Photons,116,116,101,2146625,18505.387931034482,ok,
strings_102_80m/NC,/scratch/kbas/Spring2026MC/Strings_102_80m/NC_I3Photons/nc_34114743_gen_002.i3.gz,i3.gz,I3Photons,111,111,102,2951462,26589.747747747748,ok,
strings_102_80m/NC,/scratch/kbas/Spring2026MC/Strings_102_80m/NC_I3Photons/nc_34114743_gen_003.i3.gz,i3.gz,I3Photons,101,101,102,3543484,35084.0,ok,
strings_102_80m/NC,/scratch/kbas/Spring2026MC/Strings_102_80m/NC_I3Photons/nc_34114743_gen_005.i3.gz,i3.gz,I3Photons,113,113,102,8132412,71968.24778761061,ok,
strings_102_80m/NC,/scratch/kbas/Spring2026MC/Strings_102_80m/NC_I3Photons/nc_34114743_gen_006.i3.gz,i3.gz,I3Photons,90,90,102,360849,4009.4333333333334,ok,
strings_102_80m/NC,/scratch/kbas/Spring2026MC/Strings_102_80m/NC_I3Photons/nc_34114743_gen_008.i3.gz,i3.gz,I3Photons,99,99,102,814215,8224.39393939394,ok,
strings_102_80m/NC,/scratch/kbas/Spring2026MC/Strings_102_80m/NC_I3Photons/nc_34114743_gen_009.i3.gz,i3.gz,I3Photons,112,112,102,3982760,35560.357142857145,ok,
strings_102_80m/NC,/scratch/kbas/Spring2026MC/Strings_102_80m/NC_I3Photons/nc_34114743_gen_010.i3.gz,i3.gz,I3Photons,96,96,102,812134,8459.729166666666,ok,
strings_102_80m/NC,/scratch/kbas/Spring2026MC/Strings_102_80m/NC_I3Photons/nc_34143248_gen_002.i3.gz,i3.gz,I3Photons,110,110,102,1607450,14613.181818181818,ok,
strings_102_80m/NC,/scratch/kbas/Spring2026MC/Strings_102_80m/NC_I3Photons/nc_34143248_gen_006.i3.gz,i3.gz,I3Photons,116,116,102,18449071,159043.7155172414,ok,
strings_102_80m/NC,/scratch/kbas/Spring2026MC/Strings_102_80m/NC_I3Photons/nc_34143248_gen_007.i3.gz,i3.gz,I3Photons,101,101,102,1496269,14814.544554455446,ok,
strings_102_80m/NC,/scratch/kbas/Spring2026MC/Strings_102_80m/NC_I3Photons/nc_34143248_gen_009.i3.gz,i3.gz,I3Photons,107,107,102,1574233,14712.457943925234,ok,
strings_102_80m/NC,/scratch/kbas/Spring2026MC/Strings_102_80m/NC_I3Photons/nc_34143248_gen_010.i3.gz,i3.gz,I3Photons,104,104,102,1693633,16284.932692307691,ok,
strings_102_80m/NC,/scratch/kbas/Spring2026MC/Strings_102_80m/NC_I3Photons/nc_34178298_gen_001.i3.gz,i3.gz,I3Photons,101,101,102,7830182,77526.55445544554,ok,
strings_102_80m/NC,/scratch/kbas/Spring2026MC/Strings_102_80m/NC_I3Photons/nc_34178298_gen_002.i3.gz,i3.gz,I3Photons,110,110,102,1569336,14266.690909090908,ok,
strings_102_80m/NC,/scratch/kbas/Spring2026MC/Strings_102_80m/NC_I3Photons/nc_34178298_gen_004.i3.gz,i3.gz,I3Photons,94,94,102,5319871,56594.37234042553,ok,
strings_102_80m/NC,/scratch/kbas/Spring2026MC/Strings_102_80m/NC_I3Photons/nc_34178298_gen_006.i3.gz,i3.gz,I3Photons,103,103,102,8871486,86130.93203883494,ok,
strings_102_80m/NC,/scratch/kbas/Spring2026MC/Strings_102_80m/NC_I3Photons/nc_34178298_gen_007.i3.gz,i3.gz,I3Photons,112,112,102,2578602,23023.23214285714,ok,
strings_102_80m/NC,/scratch/kbas/Spring2026MC/Strings_102_80m/NC_I3Photons/nc_34178298_gen_008.i3.gz,i3.gz,I3Photons,102,102,102,1170892,11479.333333333334,ok,
strings_102_80m/NC,/scratch/kbas/Spring2026MC/Strings_102_80m/NC_I3Photons/nc_34197693_gen_001.i3.gz,i3.gz,I3Photons,93,93,102,528756,5685.548387096775,ok,
strings_102_80m/NC,/scratch/kbas/Spring2026MC/Strings_102_80m/NC_I3Photons/nc_34197693_gen_005.i3.gz,i3.gz,I3Photons,101,101,102,1834776,18166.09900990099,ok,
strings_102_80m/NC,/scratch/kbas/Spring2026MC/Strings_102_80m/NC_I3Photons/nc_34197693_gen_008.i3.gz,i3.gz,I3Photons,110,110,102,1028842,9353.10909090909,ok,
strings_102_80m/NC,/scratch/kbas/Spring2026MC/Strings_102_80m/NC_I3Photons/nc_34197693_gen_009.i3.gz,i3.gz,I3Photons,100,100,102,3289373,32893.73,ok,
strings_102_80m/NC,/scratch/kbas/Spring2026MC/Strings_102_80m/NC_I3Photons/nc_34197693_gen_010.i3.gz,i3.gz,I3Photons,92,92,101,1693232,18404.695652173912,ok,
strings_102_80m/Tau,/scratch/kbas/Spring2026MC/Strings_102_80m/Tau_I3Photons/tau_33996158_gen_001.i3.gz,i3.gz,I3Photons,111,111,102,2503978,22558.36036036036,ok,
strings_102_80m/Tau,/scratch/kbas/Spring2026MC/Strings_102_80m/Tau_I3Photons/tau_33996158_gen_002.i3.gz,i3.gz,I3Photons,113,113,102,3424291,30303.46017699115,ok,
strings_102_80m/Tau,/scratch/kbas/Spring2026MC/Strings_102_80m/Tau_I3Photons/tau_33996158_gen_009.i3.gz,i3.gz,I3Photons,103,103,102,15311973,148659.93203883496,ok,
strings_102_80m/Tau,/scratch/kbas/Spring2026MC/Strings_102_80m/Tau_I3Photons/tau_34040426_gen_002.i3.gz,i3.gz,I3Photons,119,119,102,1275473,10718.26050420168,ok,
strings_102_80m/Tau,/scratch/kbas/Spring2026MC/Strings_102_80m/Tau_I3Photons/tau_34040426_gen_003.i3.gz,i3.gz,I3Photons,103,103,102,4278951,41543.21359223301,ok,
strings_102_80m/Tau,/scratch/kbas/Spring2026MC/Strings_102_80m/Tau_I3Photons/tau_34040426_gen_006.i3.gz,i3.gz,I3Photons,115,115,102,13776236,119793.35652173913,ok,
strings_102_80m/Tau,/scratch/kbas/Spring2026MC/Strings_102_80m/Tau_I3Photons/tau_34040426_gen_007.i3.gz,i3.gz,I3Photons,117,117,101,4310383,36840.88034188034,ok,
strings_102_80m/Tau,/scratch/kbas/Spring2026MC/Strings_102_80m/Tau_I3Photons/tau_34040426_gen_008.i3.gz,i3.gz,I3Photons,112,112,102,4977416,44441.21428571428,ok,
strings_102_80m/Tau,/scratch/kbas/Spring2026MC/Strings_102_80m/Tau_I3Photons/tau_34040426_gen_010.i3.gz,i3.gz,I3Photons,112,112,102,2721104,24295.571428571428,ok,
strings_102_80m/Tau,/scratch/kbas/Spring2026MC/Strings_102_80m/Tau_I3Photons/tau_34114930_gen_002.i3.gz,i3.gz,I3Photons,108,108,102,2815861,26072.787037037036,ok,
strings_102_80m/Tau,/scratch/kbas/Spring2026MC/Strings_102_80m/Tau_I3Photons/tau_34114930_gen_004.i3.gz,i3.gz,I3Photons,102,102,102,1063748,10428.901960784313,ok,
strings_102_80m/Tau,/scratch/kbas/Spring2026MC/Strings_102_80m/Tau_I3Photons/tau_34114930_gen_008.i3.gz,i3.gz,I3Photons,118,118,102,9891098,83822.86440677966,ok,
strings_102_80m/Tau,/scratch/kbas/Spring2026MC/Strings_102_80m/Tau_I3Photons/tau_34114930_gen_009.i3.gz,i3.gz,I3Photons,113,113,102,2045639,18103.0,ok,
strings_102_80m/Tau,/scratch/kbas/Spring2026MC/Strings_102_80m/Tau_I3Photons/tau_34241564_gen_002.i3.gz,i3.gz,I3Photons,136,136,102,2012559,14798.22794117647,ok,
strings_102_80m/Tau,/scratch/kbas/Spring2026MC/Strings_102_80m/Tau_I3Photons/tau_34241564_gen_003.i3.gz,i3.gz,I3Photons,106,106,102,846594,7986.735849056604,ok,
strings_102_80m/Tau,/scratch/kbas/Spring2026MC/Strings_102_80m/Tau_I3Photons/tau_34254579_gen_003.i3.gz,i3.gz,I3Photons,120,120,102,15311999,127599.99166666667,ok,
strings_102_80m/Tau,/scratch/kbas/Spring2026MC/Strings_102_80m/Tau_I3Photons/tau_34254579_gen_010.i3.gz,i3.gz,I3Photons,113,113,102,1337643,11837.548672566372,ok,
strings_102_80m/Tau,/scratch/kbas/Spring2026MC/Strings_102_80m/Tau_I3Photons/tau_34257332_gen_002.i3.gz,i3.gz,I3Photons,97,97,102,770243,7940.649484536082,ok,
strings_102_80m/Tau,/scratch/kbas/Spring2026MC/Strings_102_80m/Tau_I3Photons/tau_34257332_gen_003.i3.gz,i3.gz,I3Photons,109,109,102,2191660,20106.97247706422,ok,
strings_102_80m/Tau,/scratch/kbas/Spring2026MC/Strings_102_80m/Tau_I3Photons/tau_34257332_gen_005.i3.gz,i3.gz,I3Photons,115,115,102,4910681,42701.57391304348,ok,
strings_102_80m/Tau,/scratch/kbas/Spring2026MC/Strings_102_80m/Tau_I3Photons/tau_34257332_gen_007.i3.gz,i3.gz,I3Photons,102,102,102,2989575,29309.558823529413,ok,
strings_102_80m/Tau,/scratch/kbas/Spring2026MC/Strings_102_80m/Tau_I3Photons/tau_34257332_gen_008.i3.gz,i3.gz,I3Photons,102,102,102,10960393,107454.83333333333,ok,
strings_102_80m/Tau,/scratch/kbas/Spring2026MC/Strings_102_80m/Tau_I3Photons/tau_34266034_gen_010.i3.gz,i3.gz,I3Photons,109,109,102,16002082,146808.09174311926,ok,
strings_102_80m/Tau,/scratch/kbas/Spring2026MC/Strings_102_80m/Tau_I3Photons/tau_34276485_gen_002.i3.gz,i3.gz,I3Photons,102,102,102,1541385,15111.617647058823,ok,
strings_102_80m/Tau,/scratch/kbas/Spring2026MC/Strings_102_80m/Tau_I3Photons/tau_34285504_gen_008.i3.gz,i3.gz,I3Photons,115,115,102,1093461,9508.35652173913,ok,
strings_102_80m/Tau,/scratch/kbas/Spring2026MC/Strings_102_80m/Tau_I3Photons/tau_34285504_gen_010.i3.gz,i3.gz,I3Photons,128,128,102,10837493,84667.9140625,ok,
strings_102_80m/Tau,/scratch/kbas/Spring2026MC/Strings_102_80m/Tau_I3Photons/tau_34291127_gen_006.i3.gz,i3.gz,I3Photons,117,117,101,441172,3770.7008547008545,ok,
strings_102_80m/Tau,/scratch/kbas/Spring2026MC/Strings_102_80m/Tau_I3Photons/tau_34291127_gen_008.i3.gz,i3.gz,I3Photons,120,120,102,2744200,22868.333333333332,ok,
